Date,Time,Cell_num,Upload,Download,Mon,Day
2018/3/1,0,1,0.32470960600000004,3.560743589,3,1
2018/3/1,1,1,0.070473995,1.154026413,3,1
2018/3/1,2,1,0.06506348599999999,0.571824083,3,1
2018/3/1,3,1,0.032563429,0.435221386,3,1
2018/3/1,4,1,0.0306,0.1,3,1
2018/3/1,5,1,0.028391943,0.09737842599999999,3,1
2018/3/1,6,1,0.051665725999999995,0.696863413,3,1
2018/3/1,7,1,0.093756113,1.218969307,3,1
2018/3/1,8,1,0.21386753100000003,1.504885759,3,1
2018/3/1,9,1,0.449391356,1.924939795,3,1
2018/3/1,10,1,0.307692242,2.202629795,3,1
2018/3/1,11,1,0.441810169,3.117567415,3,1
2018/3/1,12,1,0.353366556,3.2901391319999997,3,1
2018/3/1,13,1,0.285311127,2.575830107,3,1
2018/3/1,14,1,0.294935541,1.327559786,3,1
2018/3/1,15,1,0.237397041,1.855083055,3,1
2018/3/1,16,1,0.33792363200000003,2.007223186,3,1
2018/3/1,17,1,0.295853357,3.137121315,3,1
2018/3/1,18,1,0.34602532399999997,3.242377138,3,1
2018/3/1,19,1,0.424597368,4.7643198589999995,3,1
2018/3/1,20,1,0.672341175,4.565360479,3,1
2018/3/1,21,1,0.5307629779999999,4.454750624,3,1
2018/3/1,22,1,0.6995446679999999,5.931800976,3,1
2018/3/1,23,1,0.421861916,4.037114096,3,1
2018/3/2,0,1,0.201,2.31,3,2
2018/3/2,1,1,0.136873589,1.8846833230000002,3,2
2018/3/2,2,1,0.041849356000000004,0.594894905,3,2
2018/3/2,3,1,0.028902264,1.009937983,3,2
2018/3/2,4,1,0.0204,0.7190000000000001,3,2
2018/3/2,5,1,0.024602222000000003,0.722892599,3,2
2018/3/2,6,1,0.06336113,1.3358008479999999,3,2
2018/3/2,7,1,0.15844897300000002,1.5301913169999999,3,2
2018/3/2,8,1,0.43793748899999996,2.542342415,3,2
2018/3/2,9,1,0.382683964,2.413917847,3,2
2018/3/2,10,1,0.32299999999999995,3.27,3,2
2018/3/2,11,1,0.320326138,3.105592909,3,2
2018/3/2,12,1,0.302562437,2.7144250389999995,3,2
2018/3/2,13,1,0.265449133,2.373017054,3,2
2018/3/2,14,1,0.293311577,2.9168093010000002,3,2
2018/3/2,15,1,0.299564848,3.492696428,3,2
2018/3/2,16,1,0.294919453,3.368486795,3,2
2018/3/2,17,1,0.283033142,3.1292280389999996,3,2
2018/3/2,18,1,0.298808222,4.5456142999999996,3,2
2018/3/2,19,1,0.386034651,4.307159901,3,2
2018/3/2,20,1,0.47970796600000004,4.418256655,3,2
2018/3/2,21,1,0.631691666,3.3879117969999997,3,2
2018/3/2,22,1,0.572797918,3.593661995,3,2
2018/3/2,23,1,0.38179384200000005,2.626672277,3,2
2018/3/3,0,1,0.287689381,3.8944022560000002,3,3
2018/3/3,1,1,0.10553206400000001,1.327947512,3,3
2018/3/3,2,1,0.040666561000000004,0.932291613,3,3
2018/3/3,3,1,0.03558795,0.7712920090000001,3,3
2018/3/3,4,1,0.026541243,0.645602217,3,3
2018/3/3,5,1,0.026536627,0.537762547,3,3
2018/3/3,6,1,0.075538893,0.362041702,3,3
2018/3/3,7,1,0.159150171,1.8852095219999998,3,3
2018/3/3,8,1,0.175453844,1.43777936,3,3
2018/3/3,9,1,0.304,3.6908821489999997,3,3
2018/3/3,10,1,0.499221735,3.7878540419999998,3,3
2018/3/3,11,1,0.39180166200000005,3.822476635,3,3
2018/3/3,12,1,0.353082705,3.132761641,3,3
2018/3/3,13,1,0.490970068,3.4346648980000003,3,3
2018/3/3,14,1,0.388790674,2.939461966,3,3
2018/3/3,15,1,0.342192936,3.9252947999999996,3,3
2018/3/3,16,1,0.36393718700000005,6.580819882999999,3,3
2018/3/3,17,1,0.51089922,5.058385611,3,3
2018/3/3,18,1,0.279687309,2.656229668,3,3
2018/3/3,19,1,0.331967316,4.642985239,3,3
2018/3/3,20,1,0.45404226299999995,5.186819038,3,3
2018/3/3,21,1,0.362139978,4.026244354,3,3
2018/3/3,22,1,0.470719967,3.443552675,3,3
2018/3/3,23,1,0.32510641100000004,4.799205713,3,3
2018/3/4,0,1,0.197377167,2.914598999,3,4
2018/3/4,1,1,0.193267059,1.081889229,3,4
2018/3/4,2,1,0.061203899000000006,2.072965403,3,4
2018/3/4,3,1,0.039943256,0.577990656,3,4
2018/3/4,4,1,0.0336,0.068910437,3,4
2018/3/4,5,1,0.029115038,0.19992526100000002,3,4
2018/3/4,6,1,0.04122653,0.360702724,3,4
2018/3/4,7,1,0.08684559800000001,1.019412003,3,4
2018/3/4,8,1,0.226665106,2.3961850069999997,3,4
2018/3/4,9,1,0.37915026700000004,3.0739712519999998,3,4
2018/3/4,10,1,0.503649464,4.317594376000001,3,4
2018/3/4,11,1,0.474975004,3.7109521389999998,3,4
2018/3/4,12,1,0.45874411600000004,3.3191033269999997,3,4
2018/3/4,13,1,0.45711200700000004,3.597046738,3,4
2018/3/4,14,1,0.47379080799999995,2.888859529,3,4
2018/3/4,15,1,0.394725466,2.841095867,3,4
2018/3/4,16,1,0.423182678,3.707476559,3,4
2018/3/4,17,1,0.44634711299999996,2.755055799,3,4
2018/3/4,18,1,0.238183432,2.6144116019999997,3,4
2018/3/4,19,1,0.434662809,3.5536513519999997,3,4
2018/3/4,20,1,0.651519814,5.357035723,3,4
2018/3/4,21,1,0.7727987,4.884409094,3,4
2018/3/4,22,1,0.499769773,4.437608891,3,4
2018/3/4,23,1,0.33377841,3.99115531,3,4
2018/3/5,0,1,0.16618866,2.122178469,3,5
2018/3/5,1,1,0.039631987,0.403819838,3,5
2018/3/5,2,1,0.06520916,0.299767342,3,5
2018/3/5,3,1,0.069205589,0.092658129,3,5
2018/3/5,4,1,0.029521122,0.157913523,3,5
2018/3/5,5,1,0.046300955,0.41749176,3,5
2018/3/5,6,1,0.077,1.41,3,5
2018/3/5,7,1,0.15301755,1.73707818,3,5
2018/3/5,8,1,0.267626333,1.95508606,3,5
2018/3/5,9,1,0.289733982,3.297949276,3,5
2018/3/5,10,1,0.36061170600000003,2.542364025,3,5
2018/3/5,11,1,0.294580717,2.714928312,3,5
2018/3/5,12,1,0.218008165,1.82458766,3,5
2018/3/5,13,1,0.32983179100000004,2.492525797,3,5
2018/3/5,14,1,0.332138243,2.70410224,3,5
2018/3/5,15,1,0.271643887,3.4022504039999997,3,5
2018/3/5,16,1,0.231,3.87,3,5
2018/3/5,17,1,0.370889168,3.044160681,3,5
2018/3/5,18,1,0.299887733,4.286656713,3,5
2018/3/5,19,1,0.306269627,4.913023529,3,5
2018/3/5,20,1,0.587123346,5.480224514,3,5
2018/3/5,21,1,0.693780088,5.503310671,3,5
2018/3/5,22,1,0.429554005,4.592754268999999,3,5
2018/3/5,23,1,0.23269066800000002,3.643133278,3,5
2018/3/6,0,1,0.16787793199999998,2.220678883,3,6
2018/3/6,1,1,0.044886045,0.40347943299999994,3,6
2018/3/6,2,1,0.04561931599999999,0.40246301700000003,3,6
2018/3/6,3,1,0.042220993,1.852106934,3,6
2018/3/6,4,1,0.0284,1.01,3,6
2018/3/6,5,1,0.034679642000000004,0.9119335270000001,3,6
2018/3/6,6,1,0.07973011,0.565211401,3,6
2018/3/6,7,1,0.17429051399999998,1.286150188,3,6
2018/3/6,8,1,0.178934183,1.748296766,3,6
2018/3/6,9,1,0.297382994,3.045511532,3,6
2018/3/6,10,1,0.45605092,3.928478565,3,6
2018/3/6,11,1,0.47466775899999997,3.442879992,3,6
2018/3/6,12,1,0.34227356,2.9198906989999998,3,6
2018/3/6,13,1,0.274423723,2.477521915,3,6
2018/3/6,14,1,0.317938843,2.811084433,3,6
2018/3/6,15,1,0.284968977,3.139732151,3,6
2018/3/6,16,1,0.411688709,3.269534321,3,6
2018/3/6,17,1,0.409027271,2.713376341,3,6
2018/3/6,18,1,0.401738415,3.9668831630000003,3,6
2018/3/6,19,1,0.5608699229999999,6.15983017,3,6
2018/3/6,20,1,0.805422163,5.366302385,3,6
2018/3/6,21,1,0.935066147,8.530597668,3,6
2018/3/6,22,1,0.74443491,7.76014307,3,6
2018/3/6,23,1,0.552016993,5.413469725,3,6
2018/3/7,0,1,0.25820282899999997,4.321320313999999,3,7
2018/3/7,1,1,0.110938969,2.805519409,3,7
2018/3/7,2,1,0.027469654,0.618904524,3,7
2018/3/7,3,1,0.030831165,0.404413691,3,7
2018/3/7,4,1,0.033383512000000004,0.48794357299999996,3,7
2018/3/7,5,1,0.047688684,0.8504307459999999,3,7
2018/3/7,6,1,0.093530426,1.580284948,3,7
2018/3/7,7,1,0.21788743,2.657027855,3,7
2018/3/7,8,1,0.32562842399999997,2.8764978689999996,3,7
2018/3/7,9,1,0.365523224,3.585197525,3,7
2018/3/7,10,1,0.35016195299999997,3.3222718810000003,3,7
2018/3/7,11,1,0.457932787,3.086631594,3,7
2018/3/7,12,1,0.53640193,4.7788644410000005,3,7
2018/3/7,13,1,0.347349739,4.969084606,3,7
2018/3/7,14,1,0.336494894,3.61942853,3,7
2018/3/7,15,1,0.48459634799999995,3.7357389160000003,3,7
2018/3/7,16,1,0.505636244,4.394580975,3,7
2018/3/7,17,1,0.430754929,3.295598202,3,7
2018/3/7,18,1,0.348716135,2.73876976,3,7
2018/3/7,19,1,0.7009234809999999,3.666603184,3,7
2018/3/7,20,1,0.7733617309999999,6.65999403,3,7
2018/3/7,21,1,0.685032091,6.713280125,3,7
2018/3/7,22,1,0.695088797,7.58782752,3,7
2018/3/7,23,1,0.632257376,6.274344683,3,7
2018/3/8,0,1,0.29600522,6.711836022999999,3,8
2018/3/8,1,1,0.117556705,2.985438404,3,8
2018/3/8,2,1,0.045522365999999995,0.45725302700000003,3,8
2018/3/8,3,1,0.034673719,0.16177062,3,8
2018/3/8,4,1,0.0379,0.33,3,8
2018/3/8,5,1,0.051563482,0.309109335,3,8
2018/3/8,6,1,0.21667334600000002,1.203041592,3,8
2018/3/8,7,1,0.34965628600000004,1.75476181,3,8
2018/3/8,8,1,0.527572126,2.886391106,3,8
2018/3/8,9,1,0.394352074,3.477349367,3,8
2018/3/8,10,1,0.452698097,3.242051897,3,8
2018/3/8,11,1,0.37249032,2.437581291,3,8
2018/3/8,12,1,0.722206984,4.387111855,3,8
2018/3/8,13,1,0.434931774,2.4355064580000003,3,8
2018/3/8,14,1,0.423784561,3.14520792,3,8
2018/3/8,15,1,0.49702077899999997,3.7505784419999997,3,8
2018/3/8,16,1,0.35986645700000003,2.735953293,3,8
2018/3/8,17,1,0.278262358,2.55062829,3,8
2018/3/8,18,1,0.321473026,3.2520156289999997,3,8
2018/3/8,19,1,0.7277330879999999,4.396627073,3,8
2018/3/8,20,1,0.722,5.45845952,3,8
2018/3/8,21,1,0.8540908340000001,6.051569366,3,8
2018/3/8,22,1,1.0110209559999999,6.843935061,3,8
2018/3/8,23,1,0.81594346,9.809305763,3,8
2018/3/9,0,1,0.27708251,3.33441843,3,9
2018/3/9,1,1,0.150178547,1.590923061,3,9
2018/3/9,2,1,0.098139524,0.9773234559999999,3,9
2018/3/9,3,1,0.086526146,1.092252102,3,9
2018/3/9,4,1,0.057217283,0.44011791200000006,3,9
2018/3/9,5,1,0.07592783,0.7001881409999999,3,9
2018/3/9,6,1,0.18780908600000001,1.154165621,3,9
2018/3/9,7,1,0.35699341799999995,2.159209986,3,9
2018/3/9,8,1,0.45495630299999995,3.1141945460000002,3,9
2018/3/9,9,1,0.510057487,3.1900728889999996,3,9
2018/3/9,10,1,0.46429224,3.312231483,3,9
2018/3/9,11,1,0.462988396,3.545941286,3,9
2018/3/9,12,1,0.347254086,3.016559496,3,9
2018/3/9,13,1,0.301789637,4.528781824,3,9
2018/3/9,14,1,0.474984112,2.8059374239999997,3,9
2018/3/9,15,1,0.513417253,3.8660438630000002,3,9
2018/3/9,16,1,0.46022939700000004,4.1067379189999995,3,9
2018/3/9,17,1,0.41516803700000005,3.275101538,3,9
2018/3/9,18,1,0.41938537600000003,4.813612118,3,9
2018/3/9,19,1,0.603109341,5.761773825,3,9
2018/3/9,20,1,0.7843837929999999,7.551163807000001,3,9
2018/3/9,21,1,0.90221076,7.548186359,3,9
2018/3/9,22,1,0.771081142,8.280885247999999,3,9
2018/3/9,23,1,0.7098412129999999,5.841508551,3,9
2018/3/10,0,1,0.36537267700000003,4.8739229580000005,3,10
2018/3/10,1,1,0.209140682,3.42163311,3,10
2018/3/10,2,1,0.092800732,1.538859186,3,10
2018/3/10,3,1,0.045935555,0.40284444799999997,3,10
2018/3/10,4,1,0.041337528,0.31342121100000003,3,10
2018/3/10,5,1,0.054380217,1.2529687790000001,3,10
2018/3/10,6,1,0.116581936,1.114572935,3,10
2018/3/10,7,1,0.24839516600000003,2.406077127,3,10
2018/3/10,8,1,0.30273024600000004,3.016875267,3,10
2018/3/10,9,1,0.60369215,4.49453845,3,10
2018/3/10,10,1,0.546614075,4.455670662,3,10
2018/3/10,11,1,0.417053995,3.962245989,3,10
2018/3/10,12,1,0.531599474,5.681081742999999,3,10
2018/3/10,13,1,0.5123137,7.376009398,3,10
2018/3/10,14,1,0.538852539,5.97252141,3,10
2018/3/10,15,1,0.587022657,5.540361996000001,3,10
2018/3/10,16,1,0.6963686659999999,4.739499321,3,10
2018/3/10,17,1,0.492268276,4.426554278999999,3,10
2018/3/10,18,1,0.670295162,5.960028486000001,3,10
2018/3/10,19,1,0.864376659,4.676867218,3,10
2018/3/10,20,1,0.770327454,4.981188116,3,10
2018/3/10,21,1,0.616189976,5.77277276,3,10
2018/3/10,22,1,0.60058301,7.039347382000001,3,10
2018/3/10,23,1,0.5987221620000001,7.058026419,3,10
2018/3/11,0,1,0.291119604,5.282997798999999,3,11
2018/3/11,1,1,0.220534067,3.24477705,3,11
2018/3/11,2,1,0.065199938,0.788624592,3,11
2018/3/11,3,1,0.038023081,0.249646692,3,11
2018/3/11,4,1,0.045932255,0.7640194229999999,3,11
2018/3/11,5,1,0.052047739,0.312409487,3,11
2018/3/11,6,1,0.09638170199999999,1.255632219,3,11
2018/3/11,7,1,0.282639484,3.017503319,3,11
2018/3/11,8,1,0.330105066,3.9728830910000004,3,11
2018/3/11,9,1,0.42925358799999996,5.009686966,3,11
2018/3/11,10,1,0.475274363,5.018847551,3,11
2018/3/11,11,1,0.52065032,5.366450863,3,11
2018/3/11,12,1,0.631675882,8.176416283,3,11
2018/3/11,13,1,0.38986811600000004,4.822923651,3,11
2018/3/11,14,1,0.48831502,4.966371918,3,11
2018/3/11,15,1,0.46799999999999997,5.35,3,11
2018/3/11,16,1,0.44911171899999996,5.196560078,3,11
2018/3/11,17,1,0.537211885,6.241387577,3,11
2018/3/11,18,1,0.433960161,4.602619486,3,11
2018/3/11,19,1,0.48086978,5.6407958979999995,3,11
2018/3/11,20,1,0.6945558740000001,6.564608058999999,3,11
2018/3/11,21,1,0.785753088,8.160780783,3,11
2018/3/11,22,1,0.862711697,6.001277075,3,11
2018/3/11,23,1,0.548623629,4.739084396,3,11
2018/3/12,0,1,0.233008785,3.4164356139999996,3,12
2018/3/12,1,1,0.130292044,2.47417985,3,12
2018/3/12,2,1,0.09943367,0.647184153,3,12
2018/3/12,3,1,0.071144028,0.83672472,3,12
2018/3/12,4,1,0.0552,0.47100000000000003,3,12
2018/3/12,5,1,0.077137022,0.40433356299999995,3,12
2018/3/12,6,1,0.087046938,0.751968737,3,12
2018/3/12,7,1,0.236966925,3.272253437,3,12
2018/3/12,8,1,0.28784399,4.563502655,3,12
2018/3/12,9,1,0.342,3.05,3,12
2018/3/12,10,1,0.512052183,3.1953705410000004,3,12
2018/3/12,11,1,0.38234792700000003,3.7518472289999996,3,12
2018/3/12,12,1,0.65,4.123259592,3,12
2018/3/12,13,1,0.5261521720000001,3.4998908710000003,3,12
2018/3/12,14,1,0.405974464,3.574611731,3,12
2018/3/12,15,1,0.45843749,4.153937435,3,12
2018/3/12,16,1,0.43998641,3.3966628930000002,3,12
2018/3/12,17,1,0.484719381,3.2883250239999997,3,12
2018/3/12,18,1,0.40870965,2.774698696,3,12
2018/3/12,19,1,0.674716787,5.009971008,3,12
2018/3/12,20,1,0.629403763,6.107757378,3,12
2018/3/12,21,1,0.882640495,7.209890347000001,3,12
2018/3/12,22,1,0.89950984,7.70557951,3,12
2018/3/12,23,1,0.742258425,7.1343150710000005,3,12
2018/3/13,0,1,0.461653233,4.416942739,3,13
2018/3/13,1,1,0.217247143,1.5554634669999998,3,13
2018/3/13,2,1,0.133209543,1.749604874,3,13
2018/3/13,3,1,0.0594,0.561,3,13
2018/3/13,4,1,0.081937313,0.45097563700000004,3,13
2018/3/13,5,1,0.093093615,0.37699230200000006,3,13
2018/3/13,6,1,0.134774666,1.469185019,3,13
2018/3/13,7,1,0.31312229199999997,2.819237614,3,13
2018/3/13,8,1,0.35355920799999996,4.128060284,3,13
2018/3/13,9,1,0.304176989,3.4084480000000004,3,13
2018/3/13,10,1,0.363999577,2.584983063,3,13
2018/3/13,11,1,0.34812744100000004,3.053602095,3,13
2018/3/13,12,1,0.443587885,3.479058609,3,13
2018/3/13,13,1,0.337845526,2.8387012289999998,3,13
2018/3/13,14,1,0.435,3.31,3,13
2018/3/13,15,1,0.482908058,3.703548565,3,13
2018/3/13,16,1,0.428516216,4.212795982,3,13
2018/3/13,17,1,0.367292175,3.478616171,3,13
2018/3/13,18,1,0.369622822,3.697582445,3,13
2018/3/13,19,1,0.591365976,4.543466616,3,13
2018/3/13,20,1,0.564816141,4.774209385,3,13
2018/3/13,21,1,0.972666492,6.874169092000001,3,13
2018/3/13,22,1,0.749080086,8.835950583999999,3,13
2018/3/13,23,1,0.618424139,6.289589376,3,13
2018/3/14,0,1,0.442273893,4.106454468,3,14
2018/3/14,1,1,0.246496992,2.288193216,3,14
2018/3/14,2,1,0.11305209199999999,1.980911274,3,14
2018/3/14,3,1,0.098521538,0.937147017,3,14
2018/3/14,4,1,0.07632389099999999,0.7886332229999999,3,14
2018/3/14,5,1,0.075576038,0.392181635,3,14
2018/3/14,6,1,0.25681921,1.6095391369999998,3,14
2018/3/14,7,1,0.377489824,2.432166052,3,14
2018/3/14,8,1,0.44023835200000005,2.92778307,3,14
2018/3/14,9,1,0.6087967679999999,2.876700163,3,14
2018/3/14,10,1,0.523817863,1.918089809,3,14
2018/3/14,11,1,0.5984446720000001,2.609568481,3,14
2018/3/14,12,1,0.518,2.837793941,3,14
2018/3/14,13,1,0.356500196,2.477651138,3,14
2018/3/14,14,1,0.538601542,2.185227766,3,14
2018/3/14,15,1,0.42576255799999996,2.911244402,3,14
2018/3/14,16,1,0.38714248700000004,3.040774565,3,14
2018/3/14,17,1,0.36758256,3.9796640589999996,3,14
2018/3/14,18,1,0.39861515,1.9596829130000002,3,14
2018/3/14,19,1,0.679934959,3.594848995,3,14
2018/3/14,20,1,0.927747641,5.069954329,3,14
2018/3/14,21,1,0.9277257059999999,7.520730286,3,14
2018/3/14,22,1,0.839476357,8.407490252999999,3,14
2018/3/14,23,1,0.584301767,7.813267021000001,3,14
2018/3/15,0,1,0.463037939,3.987776213,3,15
2018/3/15,1,1,0.222,2.78,3,15
2018/3/15,2,1,0.17966716800000002,1.092773952,3,15
2018/3/15,3,1,0.102049294,0.5383199879999999,3,15
2018/3/15,4,1,0.04047534,0.154364014,3,15
2018/3/15,5,1,0.042771235,0.421653204,3,15
2018/3/15,6,1,0.101184778,1.249269514,3,15
2018/3/15,7,1,0.356868105,2.676838226,3,15
2018/3/15,8,1,0.370878363,3.83470295,3,15
2018/3/15,9,1,0.403869705,3.3444972710000003,3,15
2018/3/15,10,1,0.28800000000000003,2.39,3,15
2018/3/15,11,1,0.36016409899999996,2.1972976490000002,3,15
2018/3/15,12,1,0.35600000000000004,2.58,3,15
2018/3/15,13,1,0.35737158799999996,2.466680651,3,15
2018/3/15,14,1,0.525538912,2.994899817,3,15
2018/3/15,15,1,0.43758953100000003,4.441343689,3,15
2018/3/15,16,1,0.43799999999999994,2.77485301,3,15
2018/3/15,17,1,0.344194202,2.353041544,3,15
2018/3/15,18,1,0.375952721,2.899023695,3,15
2018/3/15,19,1,0.59408247,6.46163887,3,15
2018/3/15,20,1,0.7812410740000001,7.923552599,3,15
2018/3/15,21,1,0.708265982,7.850341959,3,15
2018/3/15,22,1,0.9326232720000001,7.687208824,3,15
2018/3/15,23,1,0.7266421890000001,7.432763386,3,15
2018/3/16,0,1,0.367240667,5.871887226,3,16
2018/3/16,1,1,0.159051561,3.503256102,3,16
2018/3/16,2,1,0.060730457,1.055281696,3,16
2018/3/16,3,1,0.060894937999999996,0.974703703,3,16
2018/3/16,4,1,0.0413,0.528,3,16
2018/3/16,5,1,0.085188236,0.373104382,3,16
2018/3/16,6,1,0.104950476,1.0129164309999998,3,16
2018/3/16,7,1,0.406868801,2.160644846,3,16
2018/3/16,8,1,0.530092154,3.2913366410000005,3,16
2018/3/16,9,1,0.33890337,2.946984825,3,16
2018/3/16,10,1,0.637890482,3.434804535,3,16
2018/3/16,11,1,0.364545984,3.147223463,3,16
2018/3/16,12,1,0.38799999999999996,4.07206831,3,16
2018/3/16,13,1,0.344926805,3.31835084,3,16
2018/3/16,14,1,0.455528717,3.2516250319999997,3,16
2018/3/16,15,1,0.534503841,3.72434885,3,16
2018/3/16,16,1,0.47924889600000004,3.037134848,3,16
2018/3/16,17,1,0.429979095,4.6538853069999995,3,16
2018/3/16,18,1,0.6892916579999999,2.487135,3,16
2018/3/16,19,1,0.411904402,5.697318649,3,16
2018/3/16,20,1,0.715700083,6.098116922000001,3,16
2018/3/16,21,1,0.902184973,7.255200005,3,16
2018/3/16,22,1,0.850502138,7.816480082999999,3,16
2018/3/16,23,1,0.673983393,8.184228611,3,16
2018/3/17,0,1,0.366,4.66,3,17
2018/3/17,1,1,0.190805273,1.781180038,3,17
2018/3/17,2,1,0.138428087,1.327284918,3,17
2018/3/17,3,1,0.073621931,0.503389826,3,17
2018/3/17,4,1,0.076749811,0.40671258,3,17
2018/3/17,5,1,0.064815216,0.859244442,3,17
2018/3/17,6,1,0.14732004199999998,1.7088816359999999,3,17
2018/3/17,7,1,0.220209627,2.88298913,3,17
2018/3/17,8,1,0.476329145,3.278578758,3,17
2018/3/17,9,1,0.974476109,5.821769266,3,17
2018/3/17,10,1,0.706633902,6.529056473,3,17
2018/3/17,11,1,0.600505648,6.394766064,3,17
2018/3/17,12,1,0.589382219,6.290223789,3,17
2018/3/17,13,1,0.532,8.086876163,3,17
2018/3/17,14,1,0.563381414,5.883465738,3,17
2018/3/17,15,1,0.48377650299999997,4.922419481,3,17
2018/3/17,16,1,0.757197723,5.796687707999999,3,17
2018/3/17,17,1,0.48815872200000004,5.190750284,3,17
2018/3/17,18,1,0.45996374100000004,5.823274468999999,3,17
2018/3/17,19,1,0.67276494,6.219015245,3,17
2018/3/17,20,1,0.562782669,7.55169652,3,17
2018/3/17,21,1,0.73404542,8.762124137999999,3,17
2018/3/17,22,1,0.713267393,9.746183558,3,17
2018/3/17,23,1,0.47807814600000004,5.848656206,3,17
2018/3/18,0,1,0.487424297,4.952346392,3,18
2018/3/18,1,1,0.23206659300000002,2.8456020160000004,3,18
2018/3/18,2,1,0.077052259,0.966516209,3,18
2018/3/18,3,1,0.067985058,0.6818389029999999,3,18
2018/3/18,4,1,0.036,0.47,3,18
2018/3/18,5,1,0.044844389000000005,0.327941713,3,18
2018/3/18,6,1,0.11322045300000001,1.84,3,18
2018/3/18,7,1,0.23338930100000002,3.613556156,3,18
2018/3/18,8,1,0.548134775,5.401237564,3,18
2018/3/18,9,1,0.5906944270000001,5.071406593,3,18
2018/3/18,10,1,0.556327362,4.372258368,3,18
2018/3/18,11,1,0.62138113,4.526342983,3,18
2018/3/18,12,1,0.510017166,5.514230795,3,18
2018/3/18,13,1,0.504578638,5.528569145,3,18
2018/3/18,14,1,0.504834576,4.403724642,3,18
2018/3/18,15,1,0.6018034170000001,5.418126459,3,18
2018/3/18,16,1,0.7322933770000001,5.471642637,3,18
2018/3/18,17,1,0.51075778,5.4076595020000005,3,18
2018/3/18,18,1,0.53,5.30520298,3,18
2018/3/18,19,1,0.575070372,4.244000521,3,18
2018/3/18,20,1,0.5791872220000001,6.981269779,3,18
2018/3/18,21,1,0.6426423929999999,6.537815542000001,3,18
2018/3/18,22,1,0.619089336,8.383768091,3,18
2018/3/18,23,1,0.53506197,6.745875607,3,18
2018/3/19,0,1,0.508475876,4.865462675,3,19
2018/3/19,1,1,0.153096991,2.464988966,3,19
2018/3/19,2,1,0.073268633,0.9229415320000001,3,19
2018/3/19,3,1,0.047459907999999995,0.540163355,3,19
2018/3/19,4,1,0.048144865,0.446257839,3,19
2018/3/19,5,1,0.057694092,0.570595245,3,19
2018/3/19,6,1,0.168839455,1.262414694,3,19
2018/3/19,7,1,0.35168154700000004,2.798522787,3,19
2018/3/19,8,1,0.359418974,3.000256615,3,19
2018/3/19,9,1,0.39821533200000003,2.401026316,3,19
2018/3/19,10,1,0.41747564299999995,2.4962132930000003,3,19
2018/3/19,11,1,0.43200000000000005,2.82,3,19
2018/3/19,12,1,0.362434759,3.923107452,3,19
2018/3/19,13,1,0.296007948,3.8630776119999997,3,19
2018/3/19,14,1,0.506707726,2.593620853,3,19
2018/3/19,15,1,0.327161131,2.8051215839999997,3,19
2018/3/19,16,1,0.395513611,2.6015364930000002,3,19
2018/3/19,17,1,0.448331881,5.10790596,3,19
2018/3/19,18,1,0.617672405,3.4294743060000004,3,19
2018/3/19,19,1,0.446677485,3.815581274,3,19
2018/3/19,20,1,0.845719385,5.647611837,3,19
2018/3/19,21,1,1.032337933,8.189187326,3,19
2018/3/19,22,1,0.893051548,7.027826557000001,3,19
2018/3/19,23,1,0.628862839,5.8076717470000006,3,19
2018/3/20,0,1,0.347565918,5.512107964,3,20
2018/3/20,1,1,0.136973743,2.145049343,3,20
2018/3/20,2,1,0.07011733099999999,0.8230027679999999,3,20
2018/3/20,3,1,0.089127264,0.30810309399999997,3,20
2018/3/20,4,1,0.032508965,0.161111765,3,20
2018/3/20,5,1,0.063937674,0.49814786,3,20
2018/3/20,6,1,0.117818375,1.647625866,3,20
2018/3/20,7,1,0.312211332,2.536623983,3,20
2018/3/20,8,1,0.252026567,2.7581755919999997,3,20
2018/3/20,9,1,0.375226011,3.7128390689999997,3,20
2018/3/20,10,1,0.420251904,3.871141882,3,20
2018/3/20,11,1,0.36127059,3.8031929680000003,3,20
2018/3/20,12,1,0.513129797,3.90428916,3,20
2018/3/20,13,1,0.410233374,2.474648905,3,20
2018/3/20,14,1,0.403209305,2.349450111,3,20
2018/3/20,15,1,0.450686197,2.887154675,3,20
2018/3/20,16,1,0.326903858,2.710067081,3,20
2018/3/20,17,1,0.306,3.14,3,20
2018/3/20,18,1,0.369588375,4.766619492,3,20
2018/3/20,19,1,0.6466021820000001,5.646145439,3,20
2018/3/20,20,1,0.853182068,8.016983938,3,20
2018/3/20,21,1,0.740077305,8.267555189,3,20
2018/3/20,22,1,0.910980492,8.321538553,3,20
2018/3/20,23,1,0.550600815,6.087783165,3,20
2018/3/21,0,1,0.396020174,4.496657171,3,21
2018/3/21,1,1,0.414992418,1.995322714,3,21
2018/3/21,2,1,0.06992037799999999,0.8478585820000001,3,21
2018/3/21,3,1,0.061604690999999996,0.179794121,3,21
2018/3/21,4,1,0.065098276,0.23197719600000002,3,21
2018/3/21,5,1,0.08259148599999999,0.373833704,3,21
2018/3/21,6,1,0.11783642800000001,1.1438909720000001,3,21
2018/3/21,7,1,0.270049133,2.0046788980000003,3,21
2018/3/21,8,1,0.295502357,3.147975702,3,21
2018/3/21,9,1,0.320553789,2.390108728,3,21
2018/3/21,10,1,0.3,2.58,3,21
2018/3/21,11,1,0.161458044,1.257509527,3,21
2018/3/21,15,1,0.250664787,1.797904205,3,21
2018/3/21,16,1,0.355985909,3.122675438,3,21
2018/3/21,17,1,0.251601181,1.478378134,3,21
2018/3/21,18,1,0.37455179200000005,3.040620708,3,21
2018/3/21,19,1,0.487718353,4.945388031,3,21
2018/3/21,20,1,0.761623116,6.73225668,3,21
2018/3/21,21,1,0.591855812,7.952821512000001,3,21
2018/3/21,22,1,0.6469557570000001,5.394432792999999,3,21
2018/3/21,23,1,0.7123430540000001,6.725054359,3,21
2018/3/22,0,1,0.48135224299999996,3.850067062,3,22
2018/3/22,1,1,0.162027931,2.4249257180000003,3,22
2018/3/22,2,1,0.09000859300000001,1.3200289920000001,3,22
2018/3/22,3,1,0.061320085999999996,0.80355669,3,22
2018/3/22,4,1,0.036986561,0.42049662600000004,3,22
2018/3/22,5,1,0.048405495,0.5830152989999999,3,22
2018/3/22,6,1,0.151525822,1.4610583209999999,3,22
2018/3/22,7,1,0.23588377,2.131954784,3,22
2018/3/22,8,1,0.355843449,2.307522678,3,22
2018/3/22,9,1,0.307164011,2.057686663,3,22
2018/3/22,10,1,0.342535362,2.364106493,3,22
2018/3/22,11,1,0.381500826,3.746583405,3,22
2018/3/22,12,1,0.501588554,4.003848152,3,22
2018/3/22,13,1,0.36836375200000004,2.955469828,3,22
2018/3/22,14,1,0.290054588,2.69143383,3,22
2018/3/22,15,1,0.404865122,2.575682764,3,22
2018/3/22,16,1,0.404906816,2.804620228,3,22
2018/3/22,17,1,0.31580380399999997,3.811649408,3,22
2018/3/22,18,1,0.24943306899999998,2.402444563,3,22
2018/3/22,19,1,0.43973793,3.523466425,3,22
2018/3/22,20,1,0.41526598,4.359242439,3,22
2018/3/22,21,1,0.668265066,5.445695896,3,22
2018/3/22,22,1,0.526664801,5.888609628999999,3,22
2018/3/22,23,1,0.326241503,3.8818477060000003,3,22
2018/3/23,0,1,0.180890532,1.57326375,3,23
2018/3/23,1,1,0.063822479,0.663288774,3,23
2018/3/23,2,1,0.0378,0.6829999999999999,3,23
2018/3/23,3,1,0.128,0.636,3,23
2018/3/23,4,1,0.0127,0.063,3,23
2018/3/23,5,1,0.029570292999999997,0.461566505,3,23
2018/3/23,6,1,0.07585589400000001,0.879527225,3,23
2018/3/23,7,1,0.09941212699999999,1.523921385,3,23
2018/3/23,8,1,0.21222138399999999,2.043140955,3,23
2018/3/23,9,1,0.228254118,1.9177847,3,23
2018/3/23,10,1,0.284578133,2.180841055,3,23
2018/3/23,11,1,0.305943317,2.290201836,3,23
2018/3/23,12,1,0.19641921,1.494751177,3,23
2018/3/23,13,1,0.18009831399999998,1.4960637280000002,3,23
2018/3/23,14,1,0.230455875,1.4801043130000002,3,23
2018/3/23,15,1,0.23657388699999998,1.75204608,3,23
2018/3/23,16,1,0.241923456,1.946286392,3,23
2018/3/23,17,1,0.23876449600000002,1.6984456540000001,3,23
2018/3/23,18,1,0.272821159,2.499664965,3,23
2018/3/23,19,1,0.338614254,3.5815671730000003,3,23
2018/3/23,20,1,0.455041885,3.751403418,3,23
2018/3/23,21,1,0.602098103,5.784290457000001,3,23
2018/3/23,22,1,0.48486252799999996,5.132009315,3,23
2018/3/23,23,1,0.313393059,3.777395315,3,23
2018/3/24,0,1,0.187527628,2.6754557230000002,3,24
2018/3/24,1,1,0.163498144,2.293041792,3,24
2018/3/24,2,1,0.066366482,0.37486877399999996,3,24
2018/3/24,3,1,0.030356808,0.284688215,3,24
2018/3/24,4,1,0.030180692999999998,0.410489216,3,24
2018/3/24,5,1,0.041182737000000004,0.463285475,3,24
2018/3/24,6,1,0.094930401,0.731016607,3,24
2018/3/24,7,1,0.145963907,1.890351954,3,24
2018/3/24,8,1,0.21598298100000002,2.232938995,3,24
2018/3/24,9,1,0.32287872300000003,2.701699305,3,24
2018/3/24,10,1,0.346133509,2.975767756,3,24
2018/3/24,11,1,0.481718035,3.129577875,3,24
2018/3/24,12,1,0.295269194,2.595352669,3,24
2018/3/24,13,1,0.34076309200000005,3.2799087239999998,3,24
2018/3/24,14,1,0.35498931899999997,4.642671289,3,24
2018/3/24,15,1,0.34359704,2.98347909,3,24
2018/3/24,16,1,0.430289364,3.823936157,3,24
2018/3/24,17,1,0.320200377,3.234119825,3,24
2018/3/24,18,1,0.327821369,4.119589653,3,24
2018/3/24,19,1,0.491320934,4.16993639,3,24
2018/3/24,20,1,0.5094730279999999,6.4043043420000005,3,24
2018/3/24,21,1,0.5902617929999999,5.075410204,3,24
2018/3/24,22,1,0.5194190120000001,5.957558365,3,24
2018/3/24,23,1,0.217798529,4.051796293,3,24
2018/3/25,0,1,0.163305168,1.8488534159999999,3,25
2018/3/25,1,1,0.064740963,1.124962492,3,25
2018/3/25,2,1,0.045057135,1.018102036,3,25
2018/3/25,3,1,0.039078493,0.364446335,3,25
2018/3/25,4,1,0.054739199,0.703476772,3,25
2018/3/25,5,1,0.052073907999999995,0.326923819,3,25
2018/3/25,6,1,0.082999191,1.107569714,3,25
2018/3/25,7,1,0.190289097,1.5707009790000002,3,25
2018/3/25,8,1,0.275,2.53,3,25
2018/3/25,9,1,0.5780542089999999,2.663936129,3,25
2018/3/25,10,1,0.337891369,3.507676229,3,25
2018/3/25,11,1,0.347740669,4.393322535,3,25
2018/3/25,12,1,0.316107779,2.9893823719999997,3,25
2018/3/25,13,1,0.277711229,2.326799135,3,25
2018/3/25,14,1,0.331883783,2.957892818,3,25
2018/3/25,15,1,0.533391333,3.627706327,3,25
2018/3/25,16,1,0.36700010299999997,2.654065323,3,25
2018/3/25,17,1,0.509743567,2.465645332,3,25
2018/3/25,18,1,0.384661789,3.510323868,3,25
2018/3/25,19,1,0.37044510799999997,4.630268097,3,25
2018/3/25,20,1,0.41347412100000003,3.5420932769999998,3,25
2018/3/25,21,1,0.48011838,5.099380007,3,25
2018/3/25,22,1,0.458545866,5.319733467,3,25
2018/3/25,23,1,0.321537571,3.498739805,3,25
2018/3/26,0,1,0.24411606800000002,2.293185577,3,26
2018/3/26,1,1,0.087,1.61,3,26
2018/3/26,2,1,0.034356384,0.497513294,3,26
2018/3/26,3,1,0.016732302,0.265265713,3,26
2018/3/26,4,1,0.016010103,0.158141642,3,26
2018/3/26,5,1,0.048144865,0.418731699,3,26
2018/3/26,6,1,0.0743,0.813,3,26
2018/3/26,7,1,0.115824165,1.235232868,3,26
2018/3/26,8,1,0.172415304,1.918367529,3,26
2018/3/26,9,1,0.307724447,2.1355143169999997,3,26
2018/3/26,10,1,0.30594860100000004,3.396143703,3,26
2018/3/26,11,1,0.29100000000000004,3.16,3,26
2018/3/26,12,1,0.426448526,4.689534836,3,26
2018/3/26,13,1,0.28669828399999997,4.163685608,3,26
2018/3/26,14,1,0.435947199,3.7696972939999998,3,26
2018/3/26,15,1,0.432235146,3.354908571,3,26
2018/3/26,16,1,0.329375219,3.235394325,3,26
2018/3/26,17,1,0.22399999999999998,1.84,3,26
2018/3/26,18,1,0.309488583,2.475395174,3,26
2018/3/26,19,1,0.35333521799999995,3.006470404,3,26
2018/3/26,20,1,0.472560501,3.720512486,3,26
2018/3/26,21,1,0.548584881,5.767090072999999,3,26
2018/3/26,22,1,0.714433146,6.302521391,3,26
2018/3/26,23,1,0.3191961,3.88940136,3,26
2018/3/27,0,1,0.166556063,1.964001169,3,27
2018/3/27,1,1,0.070089703,0.8992628859999999,3,27
2018/3/27,2,1,0.06562330200000001,0.498715467,3,27
2018/3/27,3,1,0.025333718999999998,0.329914074,3,27
2018/3/27,4,1,0.024063759,0.14170154599999998,3,27
2018/3/27,5,1,0.048859482,0.32265747100000003,3,27
2018/3/27,6,1,0.08585043,0.919007235,3,27
2018/3/27,7,1,0.211795607,1.413497066,3,27
2018/3/27,8,1,0.225208025,1.5400322530000001,3,27
2018/3/27,9,1,0.278063793,1.555588131,3,27
2018/3/27,10,1,0.275004787,2.2614176269999997,3,27
2018/3/27,18,1,0.36076581,2.971057281,3,27
2018/3/27,19,1,0.42803895,3.32877327,3,27
2018/3/27,20,1,0.560773611,4.248214512,3,27
2018/3/27,21,1,0.459283447,6.744307365,3,27
2018/3/27,22,1,0.45960022,5.47381176,3,27
2018/3/27,23,1,0.375918751,3.393315105,3,27
2018/3/28,0,1,0.141596146,2.011555471,3,28
2018/3/28,1,1,0.079754391,0.846374187,3,28
2018/3/28,2,1,0.046179770999999994,0.376123009,3,28
2018/3/28,3,1,0.040496063,0.335154943,3,28
2018/3/28,4,1,0.026962347,0.262997065,3,28
2018/3/28,5,1,0.04287673,0.482976255,3,28
2018/3/28,6,1,0.072632828,0.561407442,3,28
2018/3/28,7,1,0.139781504,1.670709124,3,28
2018/3/28,8,1,0.197022858,3.1087523939999997,3,28
2018/3/28,9,1,0.308202753,3.967305698,3,28
2018/3/28,10,1,0.27412993399999996,2.5220356369999997,3,28
2018/3/28,11,1,0.328510303,3.438460951,3,28
2018/3/28,12,1,0.381161556,2.455073147,3,28
2018/3/28,13,1,0.30524694399999996,1.9233752730000002,3,28
2018/3/28,14,1,0.260618792,1.854131565,3,28
2018/3/28,15,1,0.32651879300000003,3.940586834,3,28
2018/3/28,16,1,0.21710145,3.1677912810000004,3,28
2018/3/28,17,1,0.212,2.37,3,28
2018/3/28,18,1,0.217791405,2.091920214,3,28
2018/3/28,19,1,0.247138424,2.6249351119999997,3,28
2018/3/28,20,1,0.37269684799999997,4.530011501000001,3,28
2018/3/28,21,1,0.635565014,4.992992125,3,28
2018/3/28,22,1,0.473414526,5.366719418,3,28
2018/3/28,23,1,0.288574743,4.459000416,3,28
2018/3/29,0,1,0.185392647,4.066622601000001,3,29
2018/3/29,1,1,0.121568279,1.614722929,3,29
2018/3/29,2,1,0.060257005999999995,0.8272390079999999,3,29
2018/3/29,3,1,0.04213788,0.6640357689999999,3,29
2018/3/29,4,1,0.036943569,0.487621469,3,29
2018/3/29,5,1,0.065015144,0.57339571,3,29
2018/3/29,6,1,0.145676622,1.3615309519999998,3,29
2018/3/29,7,1,0.19133666,2.111912661,3,29
2018/3/29,8,1,0.3690382,2.51225256,3,29
2018/3/29,9,1,0.44511331600000004,1.739089565,3,29
2018/3/29,10,1,0.316094408,2.077562504,3,29
2018/3/29,11,1,0.326271172,1.905278025,3,29
2018/3/29,12,1,0.436012316,2.3765891359999998,3,29
2018/3/29,13,1,0.329995279,2.40594018,3,29
2018/3/29,14,1,0.29078022,2.2169148919999997,3,29
2018/3/29,15,1,0.285,2.539114122,3,29
2018/3/29,16,1,0.265547342,2.654269114,3,29
2018/3/29,17,1,0.39000892600000003,2.0611827469999997,3,29
2018/3/29,18,1,0.233482208,2.9284511280000003,3,29
2018/3/29,19,1,0.46090826,4.264801216,3,29
2018/3/29,20,1,0.649034195,4.190790863,3,29
2018/3/29,21,1,0.47786379799999995,4.330941048,3,29
2018/3/29,22,1,0.521427813,7.487095385,3,29
2018/3/29,23,1,0.5379999999999999,4.99,3,29
2018/3/30,0,1,0.426787834,2.28769721,3,30
2018/3/30,1,1,0.133716049,1.3686330130000002,3,30
2018/3/30,2,1,0.060681276,0.536689367,3,30
2018/3/30,3,1,0.055793857999999995,0.42835439700000005,3,30
2018/3/30,4,1,0.044641581,0.7905594440000001,3,30
2018/3/30,5,1,0.10143955199999999,1.706742344,3,30
2018/3/30,6,1,0.117048845,1.140417089,3,30
2018/3/30,7,1,0.099122009,0.9474829290000001,3,30
2018/3/30,8,1,0.228164692,2.284802771,3,30
2018/3/30,9,1,0.299029522,1.867163706,3,30
2018/3/30,10,1,0.209823017,2.05035943,3,30
2018/3/30,11,1,0.206300945,1.3570782280000002,3,30
2018/3/30,12,1,0.3185151,2.7817121510000002,3,30
2018/3/30,13,1,0.394245377,3.33259305,3,30
2018/3/30,14,1,0.277514906,2.7181811430000002,3,30
2018/3/30,15,1,0.309688406,2.34721323,3,30
2018/3/30,16,1,0.282963753,1.9526486109999999,3,30
2018/3/30,17,1,0.417789955,3.187142143,3,30
2018/3/30,18,1,0.32481468199999997,3.292970066,3,30
2018/3/30,19,1,0.5486704920000001,3.8469629760000004,3,30
2018/3/30,20,1,0.515053539,4.496546326,3,30
2018/3/30,21,1,0.6256663889999999,4.397342415,3,30
2018/3/30,22,1,0.525616207,6.218197145,3,30
2018/3/30,23,1,0.605934057,8.131960888,3,30
2018/3/31,0,1,0.30612876899999997,4.629474735,3,31
2018/3/31,1,1,0.33659462,2.032963181,3,31
2018/3/31,2,1,0.11579039599999999,0.479792128,3,31
2018/3/31,3,1,0.14800000000000002,0.389,3,31
2018/3/31,4,1,0.06422151599999999,0.714892216,3,31
2018/3/31,5,1,0.08692269300000001,0.858166103,3,31
2018/3/31,6,1,0.180806875,0.920985479,3,31
2018/3/31,7,1,0.22077180899999999,2.142168255,3,31
2018/3/31,8,1,0.400176706,2.690493441,3,31
2018/3/31,9,1,0.37991526600000003,2.823224611,3,31
2018/3/31,10,1,0.35260501899999996,2.8451952360000003,3,31
2018/3/31,11,1,0.379048195,2.408734703,3,31
2018/3/31,12,1,0.32018621399999997,3.904980736,3,31
2018/3/31,13,1,0.334657726,2.847314186,3,31
2018/3/31,14,1,0.409240437,3.6671192739999996,3,31
2018/3/31,15,1,0.38597291,4.040253115,3,31
2018/3/31,16,1,0.343873014,3.5819045160000003,3,31
2018/3/31,17,1,0.360243139,2.808770332,3,31
2018/3/31,18,1,0.40644495,2.916289978,3,31
2018/3/31,19,1,0.487705574,4.9287986560000006,3,31
2018/3/31,20,1,0.42170449299999996,4.554305887,3,31
2018/3/31,21,1,0.529774637,5.141452703,3,31
2018/3/31,22,1,0.729392252,6.460665712000001,3,31
2018/3/31,23,1,0.475725956,4.412207222,3,31
018-04-01,0,1,0.27948975600000003,0.456619225,4,1
018-04-01,1,1,0.210764885,0.704965677,4,1
018-04-01,2,1,0.256910696,0.65663497,4,1
018-04-01,3,1,0.2155933,0.347776642,4,1
018-04-01,4,1,0.051208391,0.5889738179999999,4,1
018-04-01,5,1,0.072337866,0.322300463,4,1
018-04-01,6,1,0.126,0.8109999999999999,4,1
018-04-01,7,1,0.155487576,0.015720539,4,1
018-04-01,8,1,0.33219614,0.606441231,4,1
018-04-01,9,1,0.555504541,0.739267855,4,1
018-04-01,10,1,0.358921385,0.75346283,4,1
018-04-01,11,1,0.40951334,0.672563171,4,1
018-04-01,12,1,0.35729760200000005,0.486085749,4,1
018-04-01,13,1,0.318965845,0.44740703600000004,4,1
018-04-01,14,1,0.42919586200000004,0.28243703800000003,4,1
018-04-01,15,1,0.447,0.517,4,1
018-04-01,16,1,0.153579388,0.10653919199999999,4,1
018-04-01,17,1,0.489369049,0.965089073,4,1
018-04-01,18,1,0.415434189,0.588180866,4,1
018-04-01,19,1,0.366866865,0.525254393,4,1
018-04-01,20,1,0.422021408,0.596819611,4,1
018-04-01,21,1,0.63180501,0.50475482,4,1
018-04-01,22,1,0.64981328,0.118069124,4,1
018-04-01,23,1,0.36674029399999997,0.453799219,4,1
018-04-02,0,1,0.43928087200000004,0.948406792,4,2
018-04-02,1,1,0.10573360400000001,0.227695961,4,2
018-04-02,2,1,0.084230537,0.812548981,4,2
018-04-02,3,1,0.092950554,0.232516594,4,2
018-04-02,4,1,0.079306784,0.236425209,4,2
018-04-02,5,1,0.147272968,0.370708666,4,2
018-04-02,6,1,0.14524725900000002,0.8977737240000001,4,2
018-04-02,7,1,0.169168758,0.272654095,4,2
018-04-02,8,1,0.26152311300000003,0.63891264,4,2
018-04-02,9,1,0.38906241399999997,0.059822587999999996,4,2
018-04-02,10,1,0.37153289799999994,0.691287737,4,2
018-04-02,11,1,0.32467069600000004,0.417617016,4,2
018-04-02,12,1,0.389290876,0.8777715779999999,4,2
018-04-02,13,1,0.320609035,0.023051013999999998,4,2
018-04-02,14,1,0.32530475600000003,0.6203773779999999,4,2
018-04-02,15,1,0.292089148,0.5750006679999999,4,2
018-04-02,16,1,0.271138935,0.85326622,4,2
018-04-02,17,1,0.295624123,0.635994625,4,2
018-04-02,18,1,0.415490894,0.507666016,4,2
018-04-02,19,1,0.407881231,0.39875264200000005,4,2
018-04-02,20,1,0.6195792960000001,0.9910466290000001,4,2
018-04-02,21,1,0.647702065,0.432200518,4,2
018-04-02,22,1,0.8791613009999999,0.497995129,4,2
018-04-02,23,1,0.5123472689999999,0.837707415,4,2
018-04-03,0,1,0.273443127,0.569568977,4,3
018-04-03,1,1,0.068074751,0.329759512,4,3
018-04-03,2,1,0.194439573,0.891403618,4,3
018-04-03,3,1,0.18950615899999998,0.601690388,4,3
018-04-03,4,1,0.045345984000000006,0.5155946539999999,4,3
018-04-03,5,1,0.0995,0.322,4,3
018-04-03,6,1,0.12,0.9440000000000001,4,3
018-04-03,7,1,0.151255875,0.27351366,4,3
018-04-03,8,1,0.235036945,0.960531292,4,3
018-04-03,9,1,0.342015829,0.582960644,4,3
018-04-03,10,1,0.275600348,0.822855263,4,3
018-04-03,11,1,0.32778553,0.919828091,4,3
018-04-03,12,1,0.347283516,0.401669712,4,3
018-04-03,13,1,0.34746724100000004,0.081848364,4,3
018-04-03,14,1,0.273682747,0.9575120159999999,4,3
018-04-03,15,1,0.309,0.805,4,3
018-04-03,16,1,0.220406532,0.486202574,4,3
018-04-03,17,1,0.338113117,0.696685848,4,3
018-04-03,18,1,0.220295839,0.264222832,4,3
018-04-03,19,1,0.49281583799999995,0.5122269629999999,4,3
018-04-03,20,1,0.48742090200000004,0.554025364,4,3
018-04-03,21,1,0.378182774,0.9390014170000001,4,3
018-04-03,22,1,0.365094738,0.413586226,4,3
018-04-03,23,1,0.321781197,0.9951615909999999,4,3
018-04-04,0,1,0.220983734,0.932243376,4,4
018-04-04,1,1,0.169239492,0.713334513,4,4
018-04-04,2,1,0.075489035,0.6616884710000001,4,4
018-04-04,3,1,0.058526000999999994,0.944631166,4,4
018-04-04,4,1,0.075040197,0.8172521690000001,4,4
018-04-04,5,1,0.075492029,0.461619711,4,4
018-04-04,6,1,0.10317663199999999,0.64191925,4,4
018-04-04,7,1,0.16910618800000002,0.13258914900000002,4,4
018-04-04,8,1,0.23479064,0.233464041,4,4
018-04-04,9,1,0.267317734,0.338910885,4,4
018-04-04,10,1,0.306843987,0.248932543,4,4
018-04-04,11,1,0.288707552,0.567597475,4,4
018-04-04,12,1,0.326243114,0.143448734,4,4
018-04-04,13,1,0.263988934,0.59210309,4,4
018-04-04,14,1,0.170121765,0.181608391,4,4
018-04-04,15,1,0.242074089,0.7258391670000001,4,4
018-04-04,16,1,0.240045195,0.576049566,4,4
018-04-04,17,1,0.368556595,0.02390192,4,4
018-04-04,18,1,0.22029028899999997,0.797662373,4,4
2018/3/1,0,2,0.072757406,0.830949554,3,1
2018/3/1,1,2,0.018987942,0.287364187,3,1
2018/3/1,2,2,0.0052212809999999995,0.01201499,3,1
2018/3/1,3,2,0.009559999999999999,0.0321,3,1
2018/3/1,4,2,0.011300726,0.048879805,3,1
2018/3/1,5,2,0.008104439,0.023782654,3,1
2018/3/1,6,2,0.026360931,0.530623579,3,1
2018/3/1,7,2,0.054266281,1.2398550990000001,3,1
2018/3/1,8,2,0.07487195,0.89422658,3,1
2018/3/1,9,2,0.045900755,0.449244566,3,1
2018/3/1,10,2,0.0676,0.45327860799999997,3,1
2018/3/1,11,2,0.072998343,0.754830894,3,1
2018/3/1,12,2,0.046501379,0.43551304799999996,3,1
2018/3/1,13,2,0.06456211099999999,0.307867088,3,1
2018/3/1,14,2,0.090783844,0.5547909360000001,3,1
2018/3/1,15,2,0.067856817,0.612457638,3,1
2018/3/1,16,2,0.084517546,1.025433912,3,1
2018/3/1,17,2,0.0898,2.25,3,1
2018/3/1,18,2,0.06527820599999999,0.49929446200000005,3,1
2018/3/1,19,2,0.154,0.9620000000000001,3,1
2018/3/1,20,2,0.23007502600000002,1.69358448,3,1
2018/3/1,21,2,0.285,2.31,3,1
2018/3/1,22,2,0.41100000000000003,1.69,3,1
2018/3/1,23,2,0.145534248,1.4391092109999999,3,1
2018/3/2,0,2,0.051809053,0.74003541,3,2
2018/3/2,1,2,0.026084976,0.181385765,3,2
2018/3/2,2,2,0.016813049,0.143079967,3,2
2018/3/2,3,2,0.009404984,0.076083097,3,2
2018/3/2,4,2,0.009064693,0.075330229,3,2
2018/3/2,5,2,0.009682188000000001,0.056320772000000005,3,2
2018/3/2,6,2,0.032342958,0.40245348,3,2
2018/3/2,7,2,0.04816082,0.568222609,3,2
2018/3/2,8,2,0.067931499,0.594327879,3,2
2018/3/2,9,2,0.066877184,0.568287945,3,2
2018/3/2,10,2,0.074644003,0.675638924,3,2
2018/3/2,11,2,0.091717558,1.167222958,3,2
2018/3/2,12,2,0.074131193,0.685350151,3,2
2018/3/2,13,2,0.061660833,0.48483991600000004,3,2
2018/3/2,14,2,0.104551277,0.494759655,3,2
2018/3/2,15,2,0.10090060199999999,0.550687532,3,2
2018/3/2,16,2,0.096619425,1.0338877579999999,3,2
2018/3/2,17,2,0.096674585,1.311445913,3,2
2018/3/2,18,2,0.263355989,0.497604208,3,2
2018/3/2,19,2,0.257,1.2,3,2
2018/3/2,20,2,0.187410021,1.602224598,3,2
2018/3/2,21,2,0.326,3.26,3,2
2018/3/2,22,2,0.317862501,2.321423254,3,2
2018/3/2,23,2,0.22899999999999998,2.06,3,2
2018/3/3,0,2,0.161968431,2.565326738,3,3
2018/3/3,1,2,0.025406361000000002,0.274003763,3,3
2018/3/3,2,2,0.016369286,0.055903845,3,3
2018/3/3,3,2,0.009470491,0.023597622000000002,3,3
2018/3/3,4,2,0.017067318,0.066687622,3,3
2018/3/3,5,2,0.011257277,0.05217617,3,3
2018/3/3,6,2,0.0287,0.376,3,3
2018/3/3,7,2,0.0738,0.65,3,3
2018/3/3,8,2,0.097619963,0.649227982,3,3
2018/3/3,9,2,0.134308357,2.0160341930000003,3,3
2018/3/3,10,2,0.11890102400000001,1.4889536669999999,3,3
2018/3/3,11,2,0.115098276,1.448496695,3,3
2018/3/3,12,2,0.087665386,0.6780482959999999,3,3
2018/3/3,13,2,0.12296563099999999,0.808611603,3,3
2018/3/3,14,2,0.09142115599999999,0.657848091,3,3
2018/3/3,15,2,0.122475319,1.387330341,3,3
2018/3/3,16,2,0.134685116,1.0046686740000002,3,3
2018/3/3,17,2,0.155073557,1.631091614,3,3
2018/3/3,18,2,0.123800545,0.8901124859999999,3,3
2018/3/3,19,2,0.09877386099999999,1.1098187259999999,3,3
2018/3/3,20,2,0.159898682,2.017830906,3,3
2018/3/3,21,2,0.275,2.47,3,3
2018/3/3,22,2,0.287310762,2.076535854,3,3
2018/3/3,23,2,0.199593401,1.9978859619999998,3,3
2018/3/4,0,2,0.091262207,1.5882409569999998,3,4
2018/3/4,1,2,0.028007813,0.44021553,3,4
2018/3/4,2,2,0.032628145,0.61065403,3,4
2018/3/4,3,2,0.026877747,0.12123868,3,4
2018/3/4,4,2,0.013786278,0.049427395,3,4
2018/3/4,5,2,0.023708457999999998,0.081280804,3,4
2018/3/4,6,2,0.03829607,0.166903687,3,4
2018/3/4,7,2,0.043816309000000005,0.342921906,3,4
2018/3/4,8,2,0.07017866099999999,0.8351927570000001,3,4
2018/3/4,9,2,0.11326026,0.818600225,3,4
2018/3/4,10,2,0.208618174,1.3006146809999999,3,4
2018/3/4,11,2,0.161529465,1.388439102,3,4
2018/3/4,12,2,0.09885828,1.5530420109999998,3,4
2018/3/4,13,2,0.233384037,1.3559268469999999,3,4
2018/3/4,14,2,0.18091341,1.606270294,3,4
2018/3/4,15,2,0.25505971899999996,1.622470493,3,4
2018/3/4,16,2,0.182,1.78,3,4
2018/3/4,17,2,0.0983,1.65,3,4
2018/3/4,18,2,0.161432676,1.6512246130000001,3,4
2018/3/4,19,2,0.637192678,2.401436234,3,4
2018/3/4,20,2,0.48481484399999997,2.533355017,3,4
2018/3/4,21,2,0.230526342,2.0477007869999997,3,4
2018/3/4,22,2,0.232138062,1.838811693,3,4
2018/3/4,23,2,0.10400000000000001,1.59,3,4
2018/3/5,0,2,0.06003912,1.043576288,3,5
2018/3/5,1,2,0.038905153,0.757269802,3,5
2018/3/5,2,2,0.026945362,0.40941806799999997,3,5
2018/3/5,3,2,0.015641413,0.031069756,3,5
2018/3/5,4,2,0.0205,0.0756,3,5
2018/3/5,5,2,0.022322587999999997,0.130123816,3,5
2018/3/5,6,2,0.049245910999999996,0.26196786899999996,3,5
2018/3/5,7,2,0.05154089,0.38652092899999996,3,5
2018/3/5,8,2,0.10726469999999999,0.775461702,3,5
2018/3/5,9,2,0.0598,0.589,3,5
2018/3/5,10,2,0.0762,0.474,3,5
2018/3/5,11,2,0.09566909800000001,0.648052473,3,5
2018/3/5,12,2,0.09388483,0.5594915770000001,3,5
2018/3/5,13,2,0.142740469,0.65131278,3,5
2018/3/5,14,2,0.10325181,0.42007764799999997,3,5
2018/3/5,15,2,0.118408642,0.604697762,3,5
2018/3/5,16,2,0.118091536,0.564259443,3,5
2018/3/5,17,2,0.19508230199999999,0.8323347190000001,3,5
2018/3/5,18,2,0.080475292,0.771901226,3,5
2018/3/5,19,2,0.21364174800000002,1.398081427,3,5
2018/3/5,20,2,0.23790999399999999,2.0893256,3,5
2018/3/5,21,2,0.39314061200000006,1.869648285,3,5
2018/3/5,22,2,0.163931532,1.731313171,3,5
2018/3/5,23,2,0.145061779,1.397934971,3,5
2018/3/6,0,2,0.07024564700000001,1.494330673,3,6
2018/3/6,1,2,0.031129036000000002,0.540884228,3,6
2018/3/6,2,2,0.018403253999999997,0.183099003,3,6
2018/3/6,3,2,0.015919361,0.18412371600000002,3,6
2018/3/6,4,2,0.014366236000000001,0.09342890699999999,3,6
2018/3/6,5,2,0.017478703999999998,0.15326325400000002,3,6
2018/3/6,6,2,0.042185535,0.397584867,3,6
2018/3/6,7,2,0.085778694,0.567751522,3,6
2018/3/6,8,2,0.057600222,0.385112448,3,6
2018/3/6,9,2,0.073656445,0.40203725799999995,3,6
2018/3/6,10,2,0.093233824,0.518246479,3,6
2018/3/6,11,2,0.005756855,0.033606682,3,6
2018/3/7,18,2,0.13641654,0.79931839,3,7
2018/3/7,19,2,0.151297607,0.794808464,3,7
2018/3/1,0,3,0.137215309,0.536776037,3,1
2018/3/1,1,3,0.035466232,0.808608618,3,1
2018/3/1,2,3,0.036462898,0.695666752,3,1
2018/3/1,3,3,0.022924576000000002,0.629543304,3,1
2018/3/1,4,3,0.039545307,0.214434643,3,1
2018/3/1,5,3,0.01770072,0.130486937,3,1
2018/3/1,6,3,0.067377253,0.47677241299999995,3,1
2018/3/1,7,3,0.24394536,2.068225145,3,1
2018/3/1,8,3,0.536741381,4.73751811,3,1
2018/3/1,9,3,0.63304945,4.623909855,3,1
2018/3/1,10,3,0.676049738,3.931170349,3,1
2018/3/1,11,3,0.618715048,3.207990026,3,1
2018/3/1,12,3,0.613033123,4.524151726,3,1
2018/3/1,13,3,0.5461199760000001,4.202768011,3,1
2018/3/1,14,3,0.576225271,3.7095533560000002,3,1
2018/3/1,15,3,0.490151997,2.917316198,3,1
2018/3/1,16,3,0.567116652,3.545049343,3,1
2018/3/1,17,3,0.650148602,3.998661194,3,1
2018/3/1,18,3,0.6464832779999999,4.331946287,3,1
2018/3/1,19,3,0.488,2.76,3,1
2018/3/1,20,3,0.378493366,2.081009007,3,1
2018/3/1,21,3,0.37712518700000003,2.029800711,3,1
2018/3/1,22,3,0.40167760799999996,1.081532946,3,1
2018/3/1,23,3,0.135989113,0.7841516209999999,3,1
2018/3/2,0,3,0.04660078,0.343871288,3,2
2018/3/2,1,3,0.05065176,0.610754871,3,2
2018/3/2,2,3,0.022660207999999998,0.35483202,3,2
2018/3/2,3,3,0.01219265,0.065988894,3,2
2018/3/2,4,3,0.017210703,0.249477463,3,2
2018/3/2,5,3,0.0195,0.6779999999999999,3,2
2018/3/2,6,3,0.067970867,0.5797826770000001,3,2
2018/3/2,7,3,0.253501549,1.974983921,3,2
2018/3/2,8,3,0.476791544,4.098643351000001,3,2
2018/3/2,9,3,0.548227415,4.236879749,3,2
2018/3/2,10,3,0.667193146,4.89131876,3,2
2018/3/2,11,3,0.5882004829999999,3.714276733,3,2
2018/3/2,12,3,0.61638382,4.253893633000001,3,2
2018/3/2,13,3,0.573,4.13,3,2
2018/3/2,14,3,0.59791748,4.431173868,3,2
2018/3/2,15,3,0.603991489,4.228295603,3,2
2018/3/2,16,3,0.699060965,5.366000223,3,2
2018/3/2,17,3,0.75159833,4.383648043,3,2
2018/3/2,18,3,0.736864138,4.588684177,3,2
2018/3/2,19,3,0.553083687,3.586149626,3,2
2018/3/2,20,3,0.42080305100000004,3.31338191,3,2
2018/3/2,21,3,0.35246064200000005,2.618112555,3,2
2018/3/2,22,3,0.29100000000000004,1.57,3,2
2018/3/2,23,3,0.13462182,1.352974634,3,2
2018/3/3,0,3,0.097821589,0.8745886140000001,3,3
2018/3/3,1,3,0.027708654,0.13603323,3,3
2018/3/3,2,3,0.017688093000000002,0.058129864,3,3
2018/3/3,3,3,0.008397512,0.04578846,3,3
2018/3/3,4,3,0.00854393,0.041612816000000004,3,3
2018/3/3,5,3,0.009291868,0.136544218,3,3
2018/3/3,6,3,0.03389946,0.231551886,3,3
2018/3/3,7,3,0.192718048,1.0976266479999999,3,3
2018/3/3,8,3,0.252314348,2.170341854,3,3
2018/3/3,9,3,0.33675365399999996,2.4275002569999997,3,3
2018/3/3,10,3,0.502827549,3.248213968,3,3
2018/3/3,11,3,0.549276943,3.271226444,3,3
2018/3/3,12,3,0.520787239,4.167934723,3,3
2018/3/3,13,3,0.598,4.19,3,3
2018/3/3,14,3,0.450387373,3.2204735280000003,3,3
2018/3/3,15,3,0.493394995,3.9531075760000003,3,3
2018/3/3,16,3,0.530120296,3.507319603,3,3
2018/3/3,17,3,0.5824297429999999,4.212537661,3,3
2018/3/3,18,3,0.428,3.12,3,3
2018/3/3,19,3,0.363523273,3.324617281,3,3
2018/3/3,20,3,0.321105595,3.035576124,3,3
2018/3/3,21,3,0.263411303,1.96681901,3,3
2018/3/3,22,3,0.27254295300000003,1.998271704,3,3
2018/3/3,23,3,0.163734503,1.4172386069999998,3,3
2018/3/4,0,3,0.101047192,0.6993856140000001,3,4
2018/3/4,1,3,0.057850647000000005,0.466401196,3,4
2018/3/4,2,3,0.036614342,0.269972944,3,4
2018/3/4,3,3,0.025092983,0.12060248400000001,3,4
2018/3/4,4,3,0.012588958999999999,0.19265663100000002,3,4
2018/3/4,5,3,0.022227564,0.690893478,3,4
2018/3/4,6,3,0.09152029,0.857427788,3,4
2018/3/4,7,3,0.108755646,1.036077909,3,4
2018/3/4,8,3,0.22168890000000002,2.269525394,3,4
2018/3/4,9,3,0.321405172,2.537724762,3,4
2018/3/4,10,3,0.40707522399999996,3.20482933,3,4
2018/3/4,11,3,0.47966636700000004,4.1308895869999995,3,4
2018/3/4,12,3,0.517287874,3.6192397689999996,3,4
2018/3/4,13,3,0.44442606,3.3771696469999997,3,4
2018/3/4,14,3,0.505737152,4.0299865630000005,3,4
2018/3/4,15,3,0.561634035,3.4772988989999996,3,4
2018/3/4,16,3,0.5719806479999999,3.119459743,3,4
2018/3/4,17,3,0.445748549,3.2738761430000003,3,4
2018/3/4,18,3,0.354951019,2.548906841,3,4
2018/3/4,19,3,0.338701782,2.273800478,3,4
2018/3/4,20,3,0.400924578,2.071830168,3,4
2018/3/4,21,3,0.247044563,1.9497661780000002,3,4
2018/3/4,22,3,0.22017011600000003,0.994986467,3,4
2018/3/4,23,3,0.179337387,0.692800655,3,4
2018/3/5,0,3,0.116374416,0.418770895,3,5
2018/3/5,1,3,0.025290976,0.146610298,3,5
2018/3/5,2,3,0.024724569,0.11498868,3,5
2018/3/5,3,3,0.021778851000000002,0.283672094,3,5
2018/3/5,4,3,0.46474878299999994,0.149295034,3,5
2018/3/5,5,3,0.014533013999999999,0.11268878,3,5
2018/3/5,6,3,0.07076889,0.5323206229999999,3,5
2018/3/5,7,3,0.277631626,2.173524141,3,5
2018/3/5,8,3,0.49447196,4.413791418,3,5
2018/3/5,9,3,0.649870234,4.664150705,3,5
2018/3/5,10,3,0.557351484,3.516445723,3,5
2018/3/5,11,3,0.531190872,3.375872087,3,5
2018/3/5,12,3,0.5968435000000001,3.912938299,3,5
2018/3/5,13,3,0.5720000000000001,4.136586246,3,5
2018/3/5,14,3,0.627684851,3.5612467860000003,3,5
2018/3/5,15,3,0.537871075,3.808101158,3,5
2018/3/5,16,3,0.499840479,3.790294466,3,5
2018/3/5,17,3,0.535480318,3.500381613,3,5
2018/3/5,18,3,0.652013865,4.569126902,3,5
2018/3/5,19,3,0.44845999700000005,3.5094745830000003,3,5
2018/3/5,20,3,0.38091023399999996,3.123625622,3,5
2018/3/5,21,3,0.326850777,2.856357327,3,5
2018/3/5,22,3,0.24890599300000002,1.736210394,3,5
2018/3/5,23,3,0.14215415,0.927222853,3,5
2018/3/6,0,3,0.076288757,0.49946545600000003,3,6
2018/3/6,1,3,0.018614283,0.143922768,3,6
2018/3/6,2,3,0.020289516,0.106465521,3,6
2018/3/6,3,3,0.008017807,0.036799507,3,6
2018/3/6,4,3,0.014594679,0.125223179,3,6
2018/3/6,5,3,0.016348705,0.13881338099999999,3,6
2018/3/6,6,3,0.074120789,0.587126808,3,6
2018/3/6,7,3,0.26844348,2.109583282,3,6
2018/3/6,8,3,0.556555815,4.894857635,3,6
2018/3/6,9,3,0.698962517,4.512499638,3,6
2018/3/6,10,3,0.651497459,4.849782219,3,6
2018/3/6,11,3,0.540243664,3.4847761339999996,3,6
2018/3/6,12,3,0.683916483,4.608159561,3,6
2018/3/6,13,3,0.6061909870000001,4.302815418,3,6
2018/3/6,14,3,0.593220329,3.867624111,3,6
2018/3/6,15,3,0.5807532120000001,4.454567308000001,3,6
2018/3/6,16,3,0.5727909179999999,3.748792982,3,6
2018/3/6,17,3,0.721455545,5.247549629,3,6
2018/3/6,18,3,0.749664373,5.413544827000001,3,6
2018/3/6,19,3,0.477321196,3.664368734,3,6
2018/3/6,20,3,0.401799126,2.9026828960000004,3,6
2018/3/6,21,3,0.391148386,2.6294358630000003,3,6
2018/3/6,22,3,0.25516345,3.1361085610000003,3,6
2018/3/6,23,3,0.15999459300000002,3.1756456089999996,3,6
2018/3/7,0,3,0.076532183,2.148959999,3,7
2018/3/7,1,3,0.034548874,0.309366913,3,7
2018/3/7,2,3,0.009487981999999999,0.040581932,3,7
2018/3/7,3,3,0.011850719,0.10383009900000001,3,7
2018/3/7,4,3,0.016196785,0.130682306,3,7
2018/3/7,5,3,0.014098177,0.061089505999999995,3,7
2018/3/7,6,3,0.08545721099999999,0.405187178,3,7
2018/3/7,7,3,0.24195837,2.414748535,3,7
2018/3/7,8,3,0.528971357,4.115194454,3,7
2018/3/7,9,3,0.602,3.98,3,7
2018/3/7,10,3,0.663167763,3.840674038,3,7
2018/3/7,11,3,0.696759653,4.154985437,3,7
2018/3/7,12,3,0.652392941,4.808204622,3,7
2018/3/7,13,3,0.61988987,5.227280445,3,7
2018/3/7,14,3,0.619570618,4.360237274,3,7
2018/3/7,15,3,0.65585248,3.8961844830000003,3,7
2018/3/7,16,3,0.600547466,3.916385155,3,7
2018/3/7,17,3,0.641693935,4.835893545,3,7
2018/3/7,18,3,0.746730804,5.0553692439999995,3,7
2018/3/7,19,3,0.539161243,4.375919962,3,7
2018/3/7,20,3,0.485317612,2.403136415,3,7
2018/3/7,21,3,0.56132823,2.422507734,3,7
2018/3/7,22,3,0.26107366600000004,1.94854022,3,7
2018/3/7,23,3,0.224321203,1.2546878909999999,3,7
2018/3/8,0,3,0.085613861,0.555917807,3,8
2018/3/8,1,3,0.03547617,0.18584419300000002,3,8
2018/3/8,2,3,0.013962317,0.073086796,3,8
2018/3/8,3,3,0.011255503,0.083379383,3,8
2018/3/8,4,3,0.007879963,0.08266003599999999,3,8
2018/3/8,5,3,0.018651085,0.283085136,3,8
2018/3/8,6,3,0.074880447,0.7722213840000001,3,8
2018/3/8,7,3,0.304780445,2.3066420169999997,3,8
2018/3/8,8,3,0.545629492,4.583390121,3,8
2018/3/8,9,3,0.666484022,4.7842585280000005,3,8
2018/3/8,10,3,0.729423246,5.05284337,3,8
2018/3/8,11,3,0.616,3.94572403,3,8
2018/3/8,12,3,0.676880741,5.4701297470000005,3,8
2018/3/8,13,3,0.693048735,5.173326864,3,8
2018/3/8,14,3,0.668461447,4.85843091,3,8
2018/3/8,15,3,0.683926268,4.166176453,3,8
2018/3/8,16,3,0.647275143,3.866443844,3,8
2018/3/8,17,3,0.653797035,5.245306854,3,8
2018/3/8,18,3,0.64252615,5.437379302999999,3,8
2018/3/8,19,3,0.6829999999999999,4.729662008,3,8
2018/3/8,20,3,0.451335936,3.442468491,3,8
2018/3/8,21,3,0.5690217879999999,2.435058165,3,8
2018/3/8,22,3,0.456800947,2.503072338,3,8
2018/3/8,23,3,0.263729534,1.433531694,3,8
2018/3/9,0,3,0.127274055,0.949890013,3,9
2018/3/9,1,3,0.036115026,0.329626923,3,9
2018/3/9,2,3,0.063697596,0.809932432,3,9
2018/3/9,3,3,0.032669277000000004,1.159996271,3,9
2018/3/9,4,3,0.012779903,0.502253542,3,9
2018/3/9,5,3,0.013502598000000001,0.34751263600000004,3,9
2018/3/9,6,3,0.09070772199999999,0.922046041,3,9
2018/3/9,7,3,0.262959347,2.534064856,3,9
2018/3/9,8,3,0.5551211739999999,4.24415287,3,9
2018/3/9,9,3,0.660946503,4.120355415,3,9
2018/3/9,10,3,0.688,4.98,3,9
2018/3/9,11,3,0.7155553720000001,5.423721991,3,9
2018/3/9,12,3,0.678606272,4.7597025969999995,3,9
2018/3/9,13,3,0.604001789,3.939373798,3,9
2018/3/9,14,3,0.64970643,3.98155859,3,9
2018/3/9,15,3,0.616255474,4.173539095,3,9
2018/3/9,16,3,0.62524456,3.806525288,3,9
2018/3/9,17,3,0.704087763,4.280171375,3,9
2018/3/9,18,3,0.787755365,4.917145653,3,9
2018/3/9,19,3,0.513753386,4.68236186,3,9
2018/3/9,20,3,0.503035688,3.3575701239999995,3,9
2018/3/9,21,3,0.456874571,3.24,3,9
2018/3/9,22,3,0.37658970799999997,2.142639637,3,9
2018/3/9,23,3,0.39698803899999996,1.425716105,3,9
2018/3/10,0,3,0.137542944,0.7547314740000001,3,10
2018/3/10,1,3,0.09014267,0.783480768,3,10
2018/3/10,2,3,0.021403131000000002,0.113612671,3,10
2018/3/10,3,3,0.016175728,0.249864187,3,10
2018/3/10,4,3,0.015845728,0.066156273,3,10
2018/3/10,5,3,0.022832593999999998,0.15320257199999998,3,10
2018/3/10,6,3,0.044614954000000005,0.42575305,3,10
2018/3/10,7,3,0.183682079,2.047058287,3,10
2018/3/10,8,3,0.374612007,3.657632589,3,10
2018/3/10,9,3,0.5554363729999999,3.786251001,3,10
2018/3/10,10,3,0.6332348729999999,4.478837976,3,10
2018/3/10,11,3,0.700228596,4.4165829180000005,3,10
2018/3/10,12,3,0.717625856,4.819983349,3,10
2018/3/10,13,3,0.7368834209999999,5.226673107,3,10
2018/3/10,14,3,0.7530661679999999,4.7408986760000005,3,10
2018/3/10,15,3,0.651244307,5.046151818999999,3,10
2018/3/10,16,3,0.6970000000000001,5.38,3,10
2018/3/10,17,3,0.653841763,4.209352283,3,10
2018/3/10,18,3,0.532971516,3.63025857,3,10
2018/3/10,19,3,0.619407368,3.688844118,3,10
2018/3/10,20,3,0.551453352,3.383270988,3,10
2018/3/10,21,3,0.334017935,2.617536077,3,10
2018/3/10,22,3,0.35327623399999997,3.023901224,3,10
2018/3/10,23,3,0.312332973,1.274521017,3,10
2018/3/11,0,3,0.20089468,1.087203083,3,11
2018/3/11,1,3,0.167395897,0.6065333270000001,3,11
2018/3/11,2,3,0.027886686,0.13991192800000002,3,11
2018/3/11,3,3,0.01529357,0.09215519,3,11
2018/3/11,4,3,0.012931328,0.043613367,3,11
2018/3/11,5,3,0.01081336,0.092496033,3,11
2018/3/11,6,3,0.048984451,0.251393967,3,11
2018/3/11,7,3,0.121594925,0.930003328,3,11
2018/3/11,8,3,0.288753023,2.433679943,3,11
2018/3/11,9,3,0.377895098,3.261741619,3,11
2018/3/11,10,3,0.6394422439999999,4.638169546,3,11
2018/3/11,11,3,0.742457933,4.675817671,3,11
2018/3/11,12,3,0.642790403,4.599179868999999,3,11
2018/3/11,13,3,0.6629999999999999,4.82,3,11
2018/3/11,14,3,0.649859228,4.75389596,3,11
2018/3/11,15,3,0.624494734,4.379142179,3,11
2018/3/11,16,3,0.607030516,4.280064545,3,11
2018/3/11,17,3,0.574163322,3.82587492,3,11
2018/3/11,18,3,0.46945363,3.601970978,3,11
2018/3/11,19,3,0.428567181,2.979202108,3,11
2018/3/11,20,3,0.408163147,2.822435398,3,11
2018/3/11,21,3,0.312281408,1.9655930519999998,3,11
2018/3/11,22,3,0.264658203,1.172229128,3,11
2018/3/11,23,3,0.126619959,0.67494627,3,11
2018/3/12,0,3,0.06767681099999999,0.545197363,3,12
2018/3/12,1,3,0.060001822,0.225986567,3,12
2018/3/12,2,3,0.045910988,0.19196641899999997,3,12
2018/3/12,3,3,0.022504987999999997,0.143684368,3,12
2018/3/12,4,3,0.010020523,0.066604891,3,12
2018/3/12,5,3,0.026918716000000002,0.351171112,3,12
2018/3/12,6,3,0.088837833,1.048604698,3,12
2018/3/12,7,3,0.260597162,2.339101677,3,12
2018/3/12,8,3,0.551314802,3.997474346,3,12
2018/3/12,9,3,0.5709372620000001,3.951786699,3,12
2018/3/12,10,3,0.781039505,4.282782192,3,12
2018/3/12,11,3,0.599106321,3.8672319510000004,3,12
2018/3/12,12,3,0.672,4.25,3,12
2018/3/12,13,3,0.674460802,5.078864841000001,3,12
2018/3/12,14,3,0.780724669,4.82005909,3,12
2018/3/12,15,3,0.735743065,3.858957834,3,12
2018/3/12,16,3,0.616008015,4.293621025,3,12
2018/3/12,17,3,0.709365273,4.624233198,3,12
2018/3/12,18,3,0.726,4.873276424,3,12
2018/3/12,19,3,0.638,3.8,3,12
2018/3/12,20,3,0.536602621,3.107235012,3,12
2018/3/12,21,3,0.45892195700000005,2.454945126,3,12
2018/3/12,22,3,0.34452946700000003,1.4395612340000001,3,12
2018/3/12,23,3,0.218186436,1.466270084,3,12
2018/3/13,0,3,0.093336344,1.143713427,3,13
2018/3/13,1,3,0.0439,0.37757107700000003,3,13
2018/3/13,2,3,0.02143877,0.216183558,3,13
2018/3/13,3,3,0.026144905,0.255813532,3,13
2018/3/13,4,3,0.014798688999999999,0.225133114,3,13
2018/3/13,5,3,0.018162146,0.127988653,3,13
2018/3/13,6,3,0.091890421,0.627410345,3,13
2018/3/13,7,3,0.255555515,2.3843205259999998,3,13
2018/3/13,8,3,0.586599035,4.709227724,3,13
2018/3/13,9,3,0.75036994,5.086901503,3,13
2018/3/13,10,3,0.77230175,4.455502892,3,13
2018/3/13,11,3,0.7502943990000001,4.006130037,3,13
2018/3/13,12,3,0.70065321,4.967484226,3,13
2018/3/13,13,3,0.689807835,4.910367193,3,13
2018/3/13,14,3,0.7694391629999999,4.5504747960000005,3,13
2018/3/13,15,3,0.758514385,5.009961967,3,13
2018/3/13,16,3,0.703,4.8,3,13
2018/3/13,17,3,0.745784149,4.951903191,3,13
2018/3/13,18,3,0.7237087059999999,4.7168495560000006,3,13
2018/3/13,19,3,0.542873325,4.283784723,3,13
2018/3/13,20,3,0.568419275,4.808537264,3,13
2018/3/13,21,3,0.437404451,2.8724654480000003,3,13
2018/3/13,22,3,0.322634916,1.8142612740000001,3,13
2018/3/13,23,3,0.23995315600000003,1.81443944,3,13
2018/3/14,0,3,0.145010805,1.000062714,3,14
2018/3/14,1,3,0.035956678,0.340318279,3,14
2018/3/14,2,3,0.027653036000000002,0.539005899,3,14
2018/3/14,3,3,0.018436127,0.267444534,3,14
2018/3/14,4,3,0.014848566,0.068605547,3,14
2018/3/14,5,3,0.019687376,0.13557147,3,14
2018/3/14,6,3,0.08614876699999999,0.800916348,3,14
2018/3/14,7,3,0.286128302,2.719051447,3,14
2018/3/14,8,3,0.615193119,4.365918074,3,14
2018/3/14,9,3,0.709155912,4.583788853,3,14
2018/3/14,10,3,0.738090076,4.796898289,3,14
2018/3/14,11,3,0.6796134,4.142476206,3,14
2018/3/14,12,3,0.6799591540000001,4.63424531,3,14
2018/3/14,13,3,0.705349722,4.4180052089999995,3,14
2018/3/14,14,3,0.668331766,4.905936413,3,14
2018/3/14,15,3,0.603270845,4.919170713,3,14
2018/3/14,16,3,0.7224127579999999,4.30844594,3,14
2018/3/14,17,3,0.722636852,4.6091216180000005,3,14
2018/3/14,18,3,0.567056074,3.430222712,3,14
2018/3/14,19,3,0.592279959,3.1803860569999998,3,14
2018/3/14,20,3,0.46896228799999995,2.8698313619999998,3,14
2018/3/14,21,3,0.54168745,2.8459523960000004,3,14
2018/3/14,22,3,0.406865759,2.610123777,3,14
2018/3/14,23,3,0.239663668,2.02956542,3,14
2018/3/15,0,3,0.184832811,1.147667284,3,15
2018/3/15,1,3,0.04977457,0.21653102899999999,3,15
2018/3/15,2,3,0.0234,0.133,3,15
2018/3/15,3,3,0.008508778,0.06381073,3,15
2018/3/15,4,3,0.007571869,0.044784069,3,15
2018/3/15,5,3,0.01671524,0.134545422,3,15
2018/3/15,6,3,0.12189171800000001,0.6923820970000001,3,15
2018/3/15,7,3,0.273,2.31,3,15
2018/3/15,8,3,0.567649279,4.509251471000001,3,15
2018/3/15,9,3,0.35605355299999997,1.7907486819999998,3,15
2018/3/15,10,3,0.337789345,1.505397615,3,15
2018/3/15,11,3,0.46340006799999994,2.333702869,3,15
2018/3/15,12,3,0.630211458,4.162388391,3,15
2018/3/15,13,3,0.600827875,4.514875813,3,15
2018/3/15,14,3,0.610449686,4.053597956,3,15
2018/3/15,15,3,0.651088123,4.608616152,3,15
2018/3/15,16,3,0.561575565,3.77166153,3,15
2018/3/15,17,3,0.717082167,4.655554476,3,15
2018/3/15,18,3,0.723211679,5.107334623,3,15
2018/3/15,19,3,0.630090399,4.4540363880000005,3,15
2018/3/15,20,3,0.632084541,3.423983355,3,15
2018/3/15,21,3,0.426332541,2.869596014,3,15
2018/3/15,22,3,0.43308675799999996,2.203373184,3,15
2018/3/15,23,3,0.199650059,1.57923214,3,15
2018/3/16,0,3,0.11973117800000001,1.405657463,3,16
2018/3/16,1,3,0.0468,0.609221649,3,16
2018/3/16,2,3,0.027647457,0.140395098,3,16
2018/3/16,3,3,0.0207,0.141,3,16
2018/3/16,4,3,0.013377818999999999,0.085100527,3,16
2018/3/16,5,3,0.016736058999999998,0.10539013900000001,3,16
2018/3/16,6,3,0.18507074399999998,0.874102602,3,16
2018/3/16,7,3,0.43819276799999995,2.0746584319999997,3,16
2018/3/16,8,3,0.623070459,4.428027248,3,16
2018/3/16,9,3,0.7085557840000001,5.087443657,3,16
2018/3/16,10,3,0.695557365,4.675560579,3,16
2018/3/16,11,3,0.685479031,3.862238178,3,16
2018/3/16,12,3,0.653288155,4.423092136,3,16
2018/3/16,13,3,0.638592653,4.437595463,3,16
2018/3/16,14,3,0.674602032,4.382546263,3,16
2018/3/16,15,3,0.684,4.985371151,3,16
2018/3/16,16,3,0.696114426,4.5468239310000005,3,16
2018/3/16,17,3,0.6990053270000001,4.396695633,3,16
2018/3/16,18,3,0.7361335659999999,4.453749886000001,3,16
2018/3/16,19,3,0.774586115,5.366420993999999,3,16
2018/3/16,20,3,0.5664287379999999,3.989658403,3,16
2018/3/16,21,3,0.429595757,2.913210144,3,16
2018/3/16,22,3,0.313664589,2.437007675,3,16
2018/3/16,23,3,0.26949725199999996,0.89011735,3,16
2018/3/17,0,3,0.10940773,0.576990213,3,17
2018/3/17,1,3,0.061113176,0.272860746,3,17
2018/3/17,2,3,0.039008551,0.25891901,3,17
2018/3/17,3,3,0.026237267999999998,0.120137348,3,17
2018/3/17,4,3,0.025898007999999997,0.142167721,3,17
2018/3/17,5,3,0.023630237999999998,0.10910095199999999,3,17
2018/3/17,6,3,0.049403687,0.318196468,3,17
2018/3/17,7,3,0.223,1.55,3,17
2018/3/17,8,3,0.46107204399999996,2.999382057,3,17
2018/3/17,9,3,0.726070395,3.449259806,3,17
2018/3/17,10,3,0.698519793,4.587391758,3,17
2018/3/17,11,3,0.754556274,4.481110344,3,17
2018/3/17,12,3,0.8263723470000001,5.085435734,3,17
2018/3/17,13,3,0.631706991,4.876629915,3,17
2018/3/17,14,3,0.634543219,4.002433319,3,17
2018/3/17,15,3,0.548328485,4.316853466,3,17
2018/3/17,16,3,0.583857489,4.164989243,3,17
2018/3/17,17,3,0.644235783,4.591269798,3,17
2018/3/17,18,3,0.504774618,3.72241642,3,17
2018/3/17,19,3,0.41147686,2.15408679,3,17
2018/3/17,20,3,0.390536394,2.7514408969999997,3,17
2018/3/17,21,3,0.318630638,3.517688808,3,17
2018/3/17,22,3,0.28793716399999997,2.048553352,3,17
2018/3/17,23,3,0.220932646,1.373392124,3,17
2018/3/18,0,3,0.124028568,1.1120950029999999,3,18
2018/3/18,1,3,0.059597921,0.362291956,3,18
2018/3/18,2,3,0.0274,0.151,3,18
2018/3/18,3,3,0.034283094,0.08646264099999999,3,18
2018/3/18,4,3,0.014097748,0.13588060400000002,3,18
2018/3/18,5,3,0.014762353999999998,0.06562348400000001,3,18
2018/3/18,6,3,0.038111753,0.24441419600000003,3,18
2018/3/18,7,3,0.14358907699999998,1.237212086,3,18
2018/3/18,8,3,0.376942606,3.1661908910000003,3,18
2018/3/18,9,3,0.48917523399999996,3.6628465460000004,3,18
2018/3/18,10,3,0.582006083,4.722553244,3,18
2018/3/18,11,3,0.683249397,5.162887163,3,18
2018/3/18,12,3,0.661555605,4.544343605,3,18
2018/3/18,13,3,0.6989397140000001,5.380971412999999,3,18
2018/3/18,14,3,0.620241146,4.642251482,3,18
2018/3/18,15,3,0.6453166770000001,3.798292599,3,18
2018/3/18,16,3,0.615944939,4.638786278,3,18
2018/3/18,17,3,0.718,4.55,3,18
2018/3/18,18,3,0.556745777,4.025609541000001,3,18
2018/3/18,19,3,0.435091429,3.196327105,3,18
2018/3/18,20,3,0.42978584299999995,3.118386946,3,18
2018/3/18,21,3,0.316903534,1.5587786959999999,3,18
2018/3/18,22,3,0.40128438,1.653425341,3,18
2018/3/18,23,3,0.149879446,1.734743414,3,18
2018/3/19,0,3,0.066754179,1.374746599,3,19
2018/3/19,1,3,0.025789013,0.236887598,3,19
2018/3/19,2,3,0.0186,0.17818724600000002,3,19
2018/3/19,3,3,0.00696063,0.025519629,3,19
2018/3/19,4,3,0.011281366000000001,0.085221138,3,19
2018/3/19,5,3,0.018097668,0.060943232,3,19
2018/3/19,6,3,0.08965251,0.905161743,3,19
2018/3/19,7,3,0.267,2.467722788,3,19
2018/3/19,8,3,0.548803053,4.636334553,3,19
2018/3/19,9,3,0.674400482,4.067082167,3,19
2018/3/19,10,3,0.70327714,4.08570076,3,19
2018/3/19,11,3,0.5556193070000001,3.131552019,3,19
2018/3/19,12,3,0.6497039410000001,4.582764816,3,19
2018/3/19,13,3,0.634221907,4.245210848,3,19
2018/3/19,14,3,0.620856314,3.693299255,3,19
2018/3/19,15,3,0.768123407,3.9353424739999996,3,19
2018/3/19,16,3,0.6409372329999999,3.51,3,19
2018/3/19,17,3,0.669,3.64,3,19
2018/3/19,18,3,0.732522745,4.788798952,3,19
2018/3/19,19,3,0.606668653,4.090027704,3,19
2018/3/19,20,3,0.479234838,2.498537598,3,19
2018/3/19,21,3,0.418796854,2.5506663990000003,3,19
2018/3/19,22,3,0.37367131200000003,1.9218093680000001,3,19
2018/3/19,23,3,0.147040367,1.31312171,3,19
2018/3/20,0,3,0.087669649,1.421270742,3,20
2018/3/20,1,3,0.036293392,1.202812643,3,20
2018/3/20,2,3,0.024869385,0.8778330520000001,3,20
2018/3/20,3,3,0.023103676,0.647614574,3,20
2018/3/20,4,3,0.010116682,0.034282064,3,20
2018/3/20,5,3,0.023009062,0.175523415,3,20
2018/3/20,6,3,0.095792561,0.908423147,3,20
2018/3/20,7,3,0.27423769,2.233185778,3,20
2018/3/20,8,3,0.5932685089999999,4.4393530939999994,3,20
2018/3/20,9,3,0.668798666,4.432049665,3,20
2018/3/20,10,3,0.6737071040000001,4.153665447,3,20
2018/3/20,11,3,0.621553526,4.455750151,3,20
2018/3/20,12,3,0.699777737,5.238503437,3,20
2018/3/20,13,3,0.670732355,4.998061323,3,20
2018/3/20,14,3,0.643459082,5.518497782000001,3,20
2018/3/20,15,3,0.594041872,4.64215106,3,20
2018/3/20,16,3,0.651358404,4.992929907,3,20
2018/3/20,17,3,0.650128908,4.2904436210000005,3,20
2018/3/20,18,3,0.696746702,5.184097767,3,20
2018/3/20,19,3,0.5625153829999999,4.052675819,3,20
2018/3/20,20,3,0.498900003,3.6080330369999998,3,20
2018/3/20,21,3,0.514630747,2.8347478489999998,3,20
2018/3/20,22,3,0.416102419,2.501455374,3,20
2018/3/20,23,3,0.317870445,2.232992983,3,20
2018/3/21,0,3,0.104821577,1.623573294,3,21
2018/3/21,1,3,0.04525382,0.215534191,3,21
2018/3/21,2,3,0.023517761,0.163417902,3,21
2018/3/21,3,3,0.009473124,0.072176056,3,21
2018/3/21,4,3,0.009476023,0.138377895,3,21
2018/3/21,5,3,0.01618186,0.23469980199999999,3,21
2018/3/21,6,3,0.08462168699999999,0.73134304,3,21
2018/3/21,7,3,0.271396217,2.167433748,3,21
2018/3/21,8,3,0.5594979760000001,4.617938757,3,21
2018/3/21,9,3,0.70627059,4.851582756,3,21
2018/3/21,10,3,0.7165354540000001,4.57642211,3,21
2018/3/21,11,3,0.666044044,4.660331211,3,21
2018/3/21,12,3,0.641354008,4.592793503,3,21
2018/3/21,13,3,0.6543680000000001,5.114595156,3,21
2018/3/21,14,3,0.653105841,4.516185045,3,21
2018/3/21,15,3,0.719170055,4.423603668,3,21
2018/3/21,16,3,0.6693026639999999,4.611523818999999,3,21
2018/3/21,17,3,0.718574038,4.632601633,3,21
2018/3/21,18,3,0.61255765,4.123814306,3,21
2018/3/21,19,3,0.557521791,4.3780612660000005,3,21
2018/3/21,20,3,0.47151109700000005,2.9592062,3,21
2018/3/21,21,3,0.627850218,3.011092882,3,21
2018/3/21,22,3,0.569165726,1.9906145480000002,3,21
2018/3/21,23,3,0.21417065600000001,1.826376705,3,21
2018/3/22,0,3,0.09405152300000001,1.349048548,3,22
2018/3/22,1,3,0.034989643,0.35584666299999995,3,22
2018/3/22,2,3,0.019449739,0.12220709800000001,3,22
2018/3/22,3,3,0.018271952,0.192147903,3,22
2018/3/22,4,3,0.019767904,0.237529078,3,22
2018/3/22,5,3,0.022192926,0.09629501300000001,3,22
2018/3/22,6,3,0.091417999,0.7047326559999999,3,22
2018/3/22,7,3,0.299408245,2.868852053,3,22
2018/3/22,8,3,0.530007792,4.708529205,3,22
2018/3/22,9,3,0.68429554,5.017986078,3,22
2018/3/22,10,3,0.661230831,3.9983691980000002,3,22
2018/3/22,11,3,0.72550478,4.157411623,3,22
2018/3/22,12,3,0.738238163,5.446913376,3,22
2018/3/22,13,3,0.643516169,4.3410482980000005,3,22
2018/3/22,14,3,0.619501877,3.828326797,3,22
2018/3/22,15,3,0.537,3.85,3,22
2018/3/22,16,3,0.629294491,4.6902687069999995,3,22
2018/3/22,17,3,0.655174217,4.993023911,3,22
2018/3/22,18,3,0.380194464,2.681712894,3,22
2018/3/22,19,3,0.230891953,1.333385429,3,22
2018/3/22,20,3,0.23137180300000001,1.341319647,3,22
2018/3/22,21,3,0.178996706,1.115198288,3,22
2018/3/22,22,3,0.179975882,0.909454842,3,22
2018/3/22,23,3,0.118325319,0.413181629,3,22
2018/3/23,0,3,0.046627130999999995,0.323243637,3,23
2018/3/23,1,3,0.019990406000000002,0.13277751,3,23
2018/3/23,2,3,0.011661062,0.173833828,3,23
2018/3/23,3,3,0.005401392,0.009252986999999999,3,23
2018/3/23,4,3,0.0070753,0.012517958000000001,3,23
2018/3/23,5,3,0.008236046,0.063577595,3,23
2018/3/23,6,3,0.044639349,0.267540693,3,23
2018/3/23,7,3,0.147480392,1.474525366,3,23
2018/3/23,8,3,0.240155144,1.903693876,3,23
2018/3/23,9,3,0.27407302899999997,1.911128826,3,23
2018/3/23,10,3,0.323061075,1.85981245,3,23
2018/3/23,11,3,0.330692043,2.021965303,3,23
2018/3/23,12,3,0.422259417,2.30074872,3,23
2018/3/23,13,3,0.368,2.29,3,23
2018/3/23,14,3,0.262699156,1.5874977869999998,3,23
2018/3/23,15,3,0.337082415,1.86590807,3,23
2018/3/23,16,3,0.36288076399999997,2.163453264,3,23
2018/3/23,17,3,0.42834300000000003,2.599555273,3,23
2018/3/23,18,3,0.46947695700000003,3.336723595,3,23
2018/3/23,19,3,0.39773204799999995,2.612000933,3,23
2018/3/23,20,3,0.29635860399999997,2.036885958,3,23
2018/3/23,21,3,0.255172119,1.8213527969999999,3,23
2018/3/23,22,3,0.21095095600000002,1.251460075,3,23
2018/3/23,23,3,0.127387285,0.983868904,3,23
2018/3/24,0,3,0.040786552000000004,0.34532325700000005,3,24
2018/3/24,1,3,0.0256,0.33694281600000003,3,24
2018/3/24,2,3,0.015690012,0.096427755,3,24
2018/3/24,3,3,0.015295733999999998,0.05873724,3,24
2018/3/24,4,3,0.006605749,0.026583223,3,24
2018/3/24,5,3,0.0075317859999999995,0.043253994000000004,3,24
2018/3/24,6,3,0.026741648,0.260837488,3,24
2018/3/24,7,3,0.099777727,0.792441587,3,24
2018/3/24,8,3,0.189183455,1.35251296,3,24
2018/3/24,9,3,0.22327899,1.813984241,3,24
2018/3/24,10,3,0.248196688,1.700681219,3,24
2018/3/24,11,3,0.259111595,1.872589645,3,24
2018/3/24,12,3,0.322473288,2.2233972840000003,3,24
2018/3/24,13,3,0.32170573199999997,1.790924559,3,24
2018/3/24,14,3,0.29074374199999997,1.633302174,3,24
2018/3/24,15,3,0.294640131,1.851486311,3,24
2018/3/24,16,3,0.279226942,1.8921790219999999,3,24
2018/3/24,17,3,0.273150034,1.822838802,3,24
2018/3/24,18,3,0.31450910600000004,2.048358603,3,24
2018/3/24,19,3,0.20588145300000002,1.6299412819999999,3,24
2018/3/24,20,3,0.21057637199999998,1.2223090079999999,3,24
2018/3/24,21,3,0.161146555,1.0204093459999999,3,24
2018/3/24,22,3,0.10123728800000001,0.744335794,3,24
2018/3/24,23,3,0.10464798,0.7255612090000001,3,24
2018/3/25,0,3,0.056387501,0.381536179,3,25
2018/3/25,1,3,0.033417797,0.195132475,3,25
2018/3/25,2,3,0.0165,0.11900000000000001,3,25
2018/3/25,3,3,0.0113,0.13699999999999998,3,25
2018/3/25,4,3,0.00965498,0.124445124,3,25
2018/3/25,5,3,0.011316938,0.16681030300000002,3,25
2018/3/25,6,3,0.0288,0.33,3,25
2018/3/25,7,3,0.070826044,0.582079353,3,25
2018/3/25,8,3,0.163825588,1.154753819,3,25
2018/3/25,9,3,0.228932781,1.398725119,3,25
2018/3/25,10,3,0.252796555,1.756643019,3,25
2018/3/25,11,3,0.262931423,1.781069756,3,25
2018/3/25,12,3,0.299236355,1.885321817,3,25
2018/3/25,13,3,0.30989118600000004,1.795682611,3,25
2018/3/25,14,3,0.27962105800000003,2.574977465,3,25
2018/3/25,15,3,0.323966198,1.804959126,3,25
2018/3/25,16,3,0.27617127399999997,1.793235598,3,25
2018/3/25,17,3,0.30291624100000003,1.933775234,3,25
2018/3/25,18,3,0.244932547,1.6387702469999998,3,25
2018/3/25,19,3,0.267405958,1.490849237,3,25
2018/3/25,20,3,0.223472538,1.3624718,3,25
2018/3/25,21,3,0.144526205,0.742319002,3,25
2018/3/25,22,3,0.08685524,0.416605225,3,25
2018/3/25,23,3,0.05074111,0.326132116,3,25
2018/3/26,0,3,0.025354214,0.28556529999999997,3,26
2018/3/26,1,3,0.016006556,0.077098866,3,26
2018/3/26,2,3,0.007859001,0.054234324,3,26
2018/3/26,3,3,0.005759286999999999,0.077184458,3,26
2018/3/26,4,3,0.011178179,0.106409407,3,26
2018/3/26,5,3,0.008505449,0.038964777,3,26
2018/3/26,6,3,0.055474434,0.33893059700000006,3,26
2018/3/26,7,3,0.153373661,1.240720587,3,26
2018/3/26,8,3,0.23980522199999998,2.6482447430000002,3,26
2018/3/26,9,3,0.30018981,1.7099445340000001,3,26
2018/3/26,10,3,0.248273258,1.65799449,3,26
2018/3/26,11,3,0.27239049,1.3889601040000001,3,26
2018/3/26,12,3,0.342268267,2.271392136,3,26
2018/3/26,13,3,0.280363436,1.466705437,3,26
2018/3/26,14,3,0.290569172,1.463022575,3,26
2018/3/26,15,3,0.357070351,1.682155447,3,26
2018/3/26,16,3,0.28801830300000003,1.560977192,3,26
2018/3/26,17,3,0.351618605,1.962704611,3,26
2018/3/26,18,3,0.39655111299999996,2.641505499,3,26
2018/3/26,19,3,0.237072554,1.285796604,3,26
2018/3/26,20,3,0.21071323399999997,1.1565144920000001,3,26
2018/3/26,21,3,0.221434889,1.069112597,3,26
2018/3/26,22,3,0.132381659,0.742540627,3,26
2018/3/26,23,3,0.067794323,0.635508976,3,26
2018/3/27,0,3,0.031665287,0.308596792,3,27
2018/3/27,1,3,0.024004459,0.423874807,3,27
2018/3/27,2,3,0.00698966,0.09442969300000001,3,27
2018/3/27,3,3,0.003886147,0.039437971,3,27
2018/3/27,4,3,0.0039993,0.041642523,3,27
2018/3/27,5,3,0.011987686000000001,0.070621643,3,27
2018/3/27,6,3,0.038496447,0.376669464,3,27
2018/3/27,7,3,0.150143862,1.124046907,3,27
2018/3/27,8,3,0.262302494,1.925052786,3,27
2018/3/27,9,3,0.259362249,1.439984818,3,27
2018/3/27,10,3,0.31623366399999997,1.674746094,3,27
2018/3/27,18,3,0.36097105,2.634291067,3,27
2018/3/27,19,3,0.258244858,1.3853439619999999,3,27
2018/3/27,20,3,0.25122044600000004,1.5566667369999998,3,27
2018/3/27,21,3,0.207904339,1.317808189,3,27
2018/3/27,22,3,0.226145811,1.093680468,3,27
2018/3/27,23,3,0.067674093,0.497964849,3,27
2018/3/28,0,3,0.054635735,0.16840269100000002,3,28
2018/3/28,1,3,0.024025908,0.106653452,3,28
2018/3/28,2,3,0.013263454,0.0464,3,28
2018/3/28,3,3,0.0065708730000000005,0.028821964,3,28
2018/3/28,4,3,0.00479311,0.034546566,3,28
2018/3/28,5,3,0.007104187,0.057630815999999994,3,28
2018/3/28,6,3,0.057351484,0.6617882629999999,3,28
2018/3/28,7,3,0.14800000000000002,1.37,3,28
2018/3/28,8,3,0.272486525,2.082581739,3,28
2018/3/28,9,3,0.24475873899999998,2.035794058,3,28
2018/3/28,10,3,0.317517929,2.006672134,3,28
2018/3/28,11,3,0.359898138,2.009413319,3,28
2018/3/28,12,3,0.359841785,2.267405949,3,28
2018/3/28,13,3,0.29515262600000003,1.8922931859999998,3,28
2018/3/28,14,3,0.28196426399999996,1.6242570969999999,3,28
2018/3/28,15,3,0.320541191,1.572119703,3,28
2018/3/28,16,3,0.239731274,1.6168822569999999,3,28
2018/3/28,17,3,0.33591337200000004,2.112666388,3,28
2018/3/28,18,3,0.385534916,2.649140959,3,28
2018/3/28,19,3,0.260637903,1.987590199,3,28
2018/3/28,20,3,0.215907183,1.3988092419999998,3,28
2018/3/28,21,3,0.20479606600000003,1.341573763,3,28
2018/3/28,22,3,0.131282225,0.88571003,3,28
2018/3/28,23,3,0.088421068,0.507974167,3,28
2018/3/29,0,3,0.089249039,0.219544849,3,29
2018/3/29,1,3,0.014601049,0.075421543,3,29
2018/3/29,2,3,0.009305601,0.125904551,3,29
2018/3/29,3,3,0.005301409,0.025409802999999998,3,29
2018/3/29,4,3,0.00741045,0.044454956,3,29
2018/3/29,5,3,0.007076979000000001,0.067498093,3,29
2018/3/29,6,3,0.046472100999999995,0.311420755,3,29
2018/3/29,7,3,0.153383322,1.164593792,3,29
2018/3/29,8,3,0.283199902,2.612008896,3,29
2018/3/29,9,3,0.319791174,1.993173294,3,29
2018/3/29,10,3,0.30838769,2.001186171,3,29
2018/3/29,11,3,0.322679482,1.848222599,3,29
2018/3/29,12,3,0.345816975,2.104760199,3,29
2018/3/29,13,3,0.315,2.06,3,29
2018/3/29,14,3,0.32789649,2.1901882930000003,3,29
2018/3/29,15,3,0.308536348,1.8290263269999998,3,29
2018/3/29,16,3,0.26783781100000004,1.504187021,3,29
2018/3/29,17,3,0.310416708,1.951514969,3,29
2018/3/29,18,3,0.418841629,2.518732224,3,29
2018/3/29,19,3,0.281216869,1.583179045,3,29
2018/3/29,20,3,0.25123951899999997,1.393879175,3,29
2018/3/29,21,3,0.217248058,1.618170319,3,29
2018/3/29,22,3,0.148558083,1.6771932319999998,3,29
2018/3/29,23,3,0.057872963,0.40412965799999995,3,29
2018/3/30,0,3,0.044929848,0.268475533,3,30
2018/3/30,1,3,0.024020472,0.258402615,3,30
2018/3/30,2,3,0.014806128,0.769257193,3,30
2018/3/30,3,3,0.008953781,0.071138659,3,30
2018/3/30,4,3,0.011160135,0.12830863,3,30
2018/3/30,5,3,0.012718028999999999,0.063367424,3,30
2018/3/30,6,3,0.063266506,0.653843327,3,30
2018/3/30,7,3,0.139817686,1.195318747,3,30
2018/3/30,8,3,0.280828934,1.929540777,3,30
2018/3/30,9,3,0.30807291,1.816182318,3,30
2018/3/30,10,3,0.311410952,1.832596684,3,30
2018/3/30,11,3,0.166362305,0.885025187,3,30
2018/3/30,12,3,0.42254350700000004,1.852550001,3,30
2018/3/30,13,3,0.35231843,2.003155766,3,30
2018/3/30,14,3,0.35808856,1.9808682919999998,3,30
2018/3/30,15,3,0.356252899,2.043176622,3,30
2018/3/30,16,3,0.329439011,1.9983551030000002,3,30
2018/3/30,17,3,0.38388769100000003,2.667997942,3,30
2018/3/30,18,3,0.508637075,3.3476134010000003,3,30
2018/3/30,19,3,0.287388325,1.843412724,3,30
2018/3/30,20,3,0.281443367,1.9823725509999999,3,30
2018/3/30,21,3,0.311977043,1.645314388,3,30
2018/3/30,22,3,0.20628011699999999,1.1839254670000001,3,30
2018/3/30,23,3,0.132477512,0.639353237,3,30
2018/3/31,0,3,0.051179160999999994,0.641078339,3,31
2018/3/31,1,3,0.017802486,0.127879601,3,31
2018/3/31,2,3,0.018640871,0.21436891600000002,3,31
2018/3/31,3,3,0.008229694000000001,0.044386978,3,31
2018/3/31,4,3,0.00857749,0.067537193,3,31
2018/3/31,5,3,0.012379599,0.069689922,3,31
2018/3/31,6,3,0.036866894,0.273834696,3,31
2018/3/31,7,3,0.126630993,1.182358952,3,31
2018/3/31,8,3,0.227379026,1.593183594,3,31
2018/3/31,9,3,0.27851634,1.973886843,3,31
2018/3/31,10,3,0.282952042,2.029803534,3,31
2018/3/31,11,3,0.4,1.991928215,3,31
2018/3/31,12,3,0.330749464,2.07121666,3,31
2018/3/31,13,3,0.34422210700000005,1.86360178,3,31
2018/3/31,14,3,0.31676999100000003,2.018664017,3,31
2018/3/31,15,3,0.330859203,2.424543953,3,31
2018/3/31,16,3,0.310954552,2.435925007,3,31
2018/3/31,17,3,0.386175594,2.557307873,3,31
2018/3/31,18,3,0.394800596,2.15671587,3,31
2018/3/31,19,3,0.241925735,1.543372974,3,31
2018/3/31,20,3,0.196828775,1.4841233919999999,3,31
2018/3/31,21,3,0.192199421,1.057173986,3,31
2018/3/31,22,3,0.19874163600000003,0.9117408370000001,3,31
2018/3/31,23,3,0.194718323,0.611285582,3,31
018-04-01,0,3,0.12620841,0.467019815,4,1
018-04-01,1,3,0.07659313200000001,0.148225307,4,1
018-04-01,2,3,0.024641657,0.101307211,4,1
018-04-01,3,3,0.056568632,0.157987595,4,1
018-04-01,4,3,0.00884,0.0544,4,1
018-04-01,5,3,0.00689332,0.051421576,4,1
018-04-01,6,3,0.027627144,0.215322819,4,1
018-04-01,7,3,0.139021425,0.7871299740000001,4,1
018-04-01,8,3,0.23064971899999998,0.425079241,4,1
018-04-01,9,3,0.22059681899999997,0.23509343100000002,4,1
018-04-01,10,3,0.254764175,0.503597279,4,1
018-04-01,11,3,0.27702049300000003,0.549997025,4,1
018-04-01,12,3,0.290732841,0.653842058,4,1
018-04-01,13,3,0.312097521,0.088584185,4,1
018-04-01,14,3,0.248,0.524804983,4,1
018-04-01,15,3,0.263915081,0.7013293740000001,4,1
018-04-01,16,3,0.187733326,0.202589235,4,1
018-04-01,17,3,0.264155884,0.696213999,4,1
018-04-01,18,3,0.248123436,0.79,4,1
018-04-01,19,3,0.205,0.282,4,1
018-04-01,20,3,0.189073753,0.128248835,4,1
018-04-01,21,3,0.166085396,0.24702045399999997,4,1
018-04-01,22,3,0.11248189900000001,0.7297908879999999,4,1
018-04-01,23,3,0.055135698,0.380454578,4,1
018-04-02,0,3,0.055439490999999994,0.231817608,4,2
018-04-02,1,3,0.014903002,0.15410495800000001,4,2
018-04-02,2,3,0.010188626999999999,0.068352537,4,2
018-04-02,3,3,0.007682972,0.061545773,4,2
018-04-02,4,3,0.006693592,0.021057138,4,2
018-04-02,5,3,0.009895791999999999,0.061089925999999996,4,2
018-04-02,6,3,0.051259212,0.42460268,4,2
018-04-02,7,3,0.147459583,0.283334961,4,2
018-04-02,8,3,0.271667061,0.022986002000000002,4,2
018-04-02,9,3,0.23359562899999997,0.434488544,4,2
018-04-02,10,3,0.278450022,0.650743475,4,2
018-04-02,11,3,0.280953093,0.161675835,4,2
018-04-02,12,3,0.319535303,0.591920872,4,2
018-04-02,13,3,0.274099731,0.823000975,4,2
018-04-02,14,3,0.345116119,0.873342352,4,2
018-04-02,15,3,0.27046414399999996,0.38482550600000004,4,2
018-04-02,16,3,0.228713818,0.368274651,4,2
018-04-02,17,3,0.30982048,0.927125883,4,2
018-04-02,18,3,0.363,0.35250338600000003,4,2
018-04-02,19,3,0.264431381,0.34180233,4,2
018-04-02,20,3,0.212,0.164846773,4,2
018-04-02,21,3,0.22769322399999997,0.21287224800000001,4,2
018-04-02,22,3,0.205341482,0.7536674879999999,4,2
018-04-02,23,3,0.10128519999999999,0.385557899,4,2
018-04-03,0,3,0.06996807099999999,0.212904558,4,3
018-04-03,1,3,0.036812124,0.09059241300000001,4,3
018-04-03,2,3,0.015964632,0.123138876,4,3
018-04-03,3,3,0.006862993,0.037500648,4,3
018-04-03,4,3,0.004235325,0.011848678999999999,4,3
018-04-03,5,3,0.01073494,0.034733562,4,3
018-04-03,6,3,0.051033945,0.672067957,4,3
018-04-03,7,3,0.171708965,0.609290867,4,3
018-04-03,8,3,0.257748642,0.6225463960000001,4,3
018-04-03,9,3,0.313362274,0.878425865,4,3
018-04-03,10,3,0.277754536,0.907216501,4,3
018-04-03,11,3,0.274463701,0.412594156,4,3
018-04-03,12,3,0.323318844,0.185433388,4,3
018-04-03,13,3,0.247917337,0.525747824,4,3
018-04-03,14,3,0.245,0.183743315,4,3
018-04-03,15,3,0.28156784100000004,0.38302247,4,3
018-04-03,16,3,0.250890379,0.5331021020000001,4,3
018-04-03,17,3,0.331442471,0.86853467,4,3
018-04-03,18,3,0.416139975,0.889534378,4,3
018-04-03,19,3,0.33110484100000004,0.11136125599999999,4,3
018-04-03,20,3,0.22598999,0.39611374899999996,4,3
018-04-03,21,3,0.18196332,0.14669779800000002,4,3
018-04-03,22,3,0.161721592,0.16129817,4,3
018-04-03,23,3,0.060934792,0.47012929,4,3
018-04-04,0,3,0.026411723999999998,0.156913624,4,4
018-04-04,1,3,0.014813337,0.09385191,4,4
018-04-04,2,3,0.005782204,0.037805414,4,4
018-04-04,3,3,0.0160495,0.156822834,4,4
018-04-04,4,3,0.006678666999999999,0.036727066,4,4
018-04-04,5,3,0.010717688000000001,0.05874549900000001,4,4
018-04-04,6,3,0.036996794,0.240755043,4,4
018-04-04,7,3,0.18065071100000002,0.344643545,4,4
018-04-04,8,3,0.253272562,0.770752401,4,4
018-04-04,9,3,0.176663971,0.072691984,4,4
018-04-04,15,3,0.080214911,0.387746181,4,4
018-04-04,16,3,0.409745474,0.7810041520000001,4,4
018-04-04,17,3,0.41000596,0.104338684,4,4
018-04-04,18,3,0.34748993899999997,0.54597168,4,4
018-04-04,19,3,0.235300665,0.71056426,4,4
018-04-04,20,3,0.261,0.319,4,4
018-04-04,21,3,0.20629176100000002,0.995426197,4,4
018-04-04,22,3,0.117490883,0.507476664,4,4
018-04-04,23,3,0.06317009,0.25838356,4,4
2018/4/5,0,3,0.034594994,0.432522421,4,5
2018/4/5,1,3,0.014505701000000001,0.14894042,4,5
2018/4/5,2,3,0.008190000000000001,0.0435,4,5
2018/4/5,3,3,0.004451685,0.032315559,4,5
2018/4/5,4,3,0.004904957,0.026071386000000002,4,5
2018/4/5,5,3,0.00778513,0.034215574,4,5
2018/4/5,6,3,0.024197445,0.153902197,4,5
2018/4/5,7,3,0.081785994,0.564906616,4,5
2018/4/5,8,3,0.10917927699999999,0.978297348,4,5
2018/4/5,9,3,0.165019417,1.012751551,4,5
2018/4/5,10,3,0.170861349,1.120896883,4,5
2018/4/5,11,3,0.182304916,1.199551668,4,5
2018/4/5,12,3,0.224883146,1.629801083,4,5
2018/4/5,13,3,0.260629587,1.270700235,4,5
2018/4/5,14,3,0.24850687,1.083540783,4,5
2018/4/5,15,3,0.23114557300000002,1.6147091869999999,4,5
2018/4/5,16,3,0.21169987699999998,1.310665016,4,5
2018/4/5,17,3,0.23483337399999998,1.641177998,4,5
2018/4/5,18,3,0.189172697,1.180393085,4,5
2018/4/5,19,3,0.180755892,1.302060232,4,5
2018/4/5,20,3,0.175556087,0.943447437,4,5
2018/4/5,21,3,0.12975502,0.682684498,4,5
2018/4/5,22,3,0.064597187,0.372792845,4,5
2018/4/5,23,3,0.033820429,0.17266030300000001,4,5
2018/4/6,0,3,0.02380311,0.241969061,4,6
2018/4/6,1,3,0.032088795,0.105077724,4,6
2018/4/6,2,3,0.007310801,0.03474761,4,6
2018/4/6,3,3,0.00536993,0.023503952,4,6
2018/4/6,4,3,0.003879852,0.038926134,4,6
2018/4/6,5,3,0.012354183000000001,0.073897352,4,6
2018/4/6,6,3,0.017342987,0.12187763199999999,4,6
2018/4/6,7,3,0.064021177,0.47722525600000004,4,6
2018/4/6,8,3,0.12553562199999999,1.0350654320000001,4,6
2018/4/6,9,3,0.19486343399999997,1.314275608,4,6
2018/4/6,10,3,0.20984113699999998,1.3856961630000002,4,6
2018/4/6,11,3,0.19427969,1.333695412,4,6
2018/4/6,12,3,0.225720072,1.318612785,4,6
2018/4/6,13,3,0.214940109,1.526117821,4,6
2018/4/6,14,3,0.21813233399999998,1.6920686719999998,4,6
2018/4/6,15,3,0.228966513,1.564217901,4,6
2018/4/6,16,3,0.194759464,1.5895053769999998,4,6
2018/4/6,17,3,0.23181158100000002,1.414704552,4,6
2018/4/6,18,3,0.282,1.34,4,6
2018/4/6,19,3,0.24848960899999997,1.608955526,4,6
2018/4/6,20,3,0.18741868,1.260230789,4,6
2018/4/6,21,3,0.157666101,0.8125918959999999,4,6
2018/4/6,22,3,0.089621887,0.448220501,4,6
2018/4/6,23,3,0.066905518,0.311183414,4,6
2018/4/7,0,3,0.024379559,0.173674078,4,7
2018/4/7,1,3,0.017893276,0.061704445,4,7
2018/4/7,2,3,0.010489283,0.050686130999999995,4,7
2018/4/7,3,3,0.006490000000000001,0.0159,4,7
2018/4/7,4,3,0.005303974,0.079895134,4,7
2018/4/7,5,3,0.006347561,0.029041805,4,7
2018/4/7,6,3,0.025205526000000002,0.247438278,4,7
2018/4/7,7,3,0.066744375,0.389069815,4,7
2018/4/7,8,3,0.145107851,1.017802582,4,7
2018/4/7,9,3,0.16870046600000002,0.980771866,4,7
2018/4/7,10,3,0.185681581,1.068259392,4,7
2018/4/7,11,3,0.21339147600000002,1.261759977,4,7
2018/4/7,12,3,0.21881757699999999,1.5887063030000002,4,7
2018/4/7,13,3,0.251684904,1.6850784019999998,4,7
2018/4/7,14,3,0.274780006,1.501290522,4,7
2018/4/7,15,3,0.265212059,1.40718071,4,7
2018/4/7,16,3,0.241911163,1.6849796680000002,4,7
2018/4/7,17,3,0.27921593699999997,1.670448551,4,7
2018/4/7,18,3,0.259851608,1.384425745,4,7
2018/4/7,19,3,0.19346146600000003,1.334612474,4,7
2018/4/7,20,3,0.199300117,1.121097746,4,7
2018/4/7,21,3,0.12497438400000001,1.031837406,4,7
2018/4/7,22,3,0.087960606,0.5539153,4,7
2018/4/7,23,3,0.042741460999999994,0.285911665,4,7
018-04-08,0,3,0.018444613999999998,0.156543989,4,8
018-04-08,1,3,0.012340584,0.252946625,4,8
018-04-08,2,3,0.012437696000000002,0.023415375,4,8
018-04-08,3,3,0.006430501999999999,0.018587523,4,8
018-04-08,4,3,0.004921513,0.018629818,4,8
018-04-08,5,3,0.012303686000000001,0.134210262,4,8
018-04-08,6,3,0.048624306,0.312861681,4,8
018-04-08,7,3,0.155618486,0.21292819,4,8
018-04-08,8,3,0.247,0.679,4,8
018-04-08,9,3,0.271798191,0.813239679,4,8
018-04-08,10,3,0.264825926,0.432292061,4,8
018-04-08,11,3,0.318913717,0.566936283,4,8
018-04-08,12,3,0.275925255,0.643792944,4,8
018-04-08,13,3,0.246110935,0.407444839,4,8
018-04-08,14,3,0.23556332600000002,0.490752411,4,8
018-04-08,15,3,0.257226562,0.17275226600000002,4,8
018-04-08,16,3,0.219757328,0.321831102,4,8
018-04-08,17,3,0.330814562,0.115631275,4,8
018-04-08,18,3,0.431332731,0.988230877,4,8
018-04-08,19,3,0.27725794800000003,0.08371406599999999,4,8
018-04-08,20,3,0.221337814,0.543948002,4,8
018-04-08,21,3,0.202713957,0.07195357299999999,4,8
018-04-08,22,3,0.159234991,0.673821764,4,8
018-04-08,23,3,0.08611272800000001,0.416175966,4,8
018-04-09,0,3,0.046240788,0.320991764,4,9
018-04-09,1,3,0.018512564,0.45753691700000004,4,9
018-04-09,2,3,0.016880894,0.147617884,4,9
018-04-09,3,3,0.007224606999999999,0.027977047,4,9
018-04-09,4,3,0.012534294,0.147903328,4,9
018-04-09,5,3,0.012351388999999999,0.040614328,4,9
018-04-09,6,3,0.051185923,0.298679008,4,9
018-04-09,7,3,0.164773397,0.329237595,4,9
018-04-09,8,3,0.27699999999999997,0.0574,4,9
018-04-09,9,3,0.315137854,0.915180302,4,9
018-04-09,10,3,0.30312932,0.527889271,4,9
018-04-09,11,3,0.275746679,0.199433737,4,9
018-04-09,12,3,0.32982299800000003,0.940835476,4,9
018-04-09,13,3,0.29040583600000003,0.46649217600000004,4,9
018-04-09,14,3,0.301,0.44799999999999995,4,9
018-04-09,15,3,0.305361795,0.475557899,4,9
018-04-09,16,3,0.275824642,0.538305693,4,9
018-04-09,17,3,0.34639162100000004,0.973507366,4,9
018-04-09,18,3,0.42383857700000005,0.602242947,4,9
018-04-09,19,3,0.24998340600000002,0.351692486,4,9
018-04-09,20,3,0.235,0.486,4,9
018-04-09,21,3,0.232921057,0.5214798829999999,4,9
018-04-09,22,3,0.15756756800000002,0.720934649,4,9
018-04-09,23,3,0.08116741200000001,0.590507193,4,9
018-04-10,0,3,0.046038027,0.23630826,4,10
018-04-10,1,3,0.0176,0.297,4,10
018-04-10,2,3,0.01621027,0.091308079,4,10
018-04-10,3,3,0.013460026000000002,0.054381970999999994,4,10
018-04-10,4,3,0.010786219,0.094937201,4,10
018-04-10,5,3,0.0138,0.11667608300000001,4,10
018-04-10,6,3,0.0586,0.462,4,10
018-04-10,7,3,0.163650742,0.384060822,4,10
018-04-10,8,3,0.314,0.7979999999999999,4,10
018-04-10,9,3,0.298998289,0.915244932,4,10
018-04-10,10,3,0.281070375,0.42391710299999996,4,10
018-04-10,11,3,0.273275185,0.255299215,4,10
018-04-10,12,3,0.316513014,0.668333311,4,10
018-04-10,13,3,0.32106245,0.5914239689999999,4,10
018-04-10,14,3,0.337133951,0.784007406,4,10
018-04-10,15,3,0.29127965899999997,0.711910143,4,10
018-04-10,16,3,0.25983692199999997,0.5116325279999999,4,10
018-04-10,17,3,0.405669289,0.058079948,4,10
018-04-10,18,3,0.35709809299999995,0.582922955,4,10
018-04-10,19,3,0.258300514,0.805255938,4,10
018-04-10,20,3,0.24599197399999997,0.44666214,4,10
018-04-10,21,3,0.302972736,0.40223887399999997,4,10
018-04-10,22,3,0.207694178,0.016720419,4,10
018-04-10,23,3,0.12786103199999999,0.648097391,4,10
2018/4/11,0,3,0.048731813,0.506026955,4,11
2018/4/11,1,3,0.019374361,0.177692518,4,11
2018/4/11,2,3,0.012812958000000001,0.104024696,4,11
2018/4/11,3,3,0.014470166999999999,0.188072472,4,11
2018/4/11,4,3,0.010163918000000001,0.41989158600000004,4,11
2018/4/11,5,3,0.0127,0.19342519800000002,4,11
2018/4/11,6,3,0.068886137,0.636538582,4,11
2018/4/11,7,3,0.19975341800000002,1.5102553369999998,4,11
2018/4/11,8,3,0.30991235699999997,1.9108666319999998,4,11
2018/4/11,9,3,0.318349915,1.6808469869999998,4,11
2018/4/11,10,3,0.361640358,2.36485919,4,11
2018/4/11,11,3,0.377449217,1.842691364,4,11
2018/4/11,12,3,0.382673054,2.139668903,4,11
2018/4/11,13,3,0.41499118799999996,1.78427763,4,11
2018/4/11,14,3,0.39833471299999995,2.1934461780000003,4,11
2018/4/11,15,3,0.348628273,1.828997536,4,11
2018/4/11,16,3,0.311385546,1.6673599719999999,4,11
2018/4/11,17,3,0.454881372,2.318762369,4,11
2018/4/11,18,3,0.41724123,2.8519379710000003,4,11
2018/4/11,19,3,0.297551336,1.5956178859999999,4,11
2018/4/11,20,3,0.311278906,1.5293642619999999,4,11
2018/4/11,21,3,0.271244965,1.3264363000000001,4,11
2018/4/11,22,3,0.170197248,1.209651766,4,11
2018/4/11,23,3,0.08715823199999999,0.597341747,4,11
2018/4/12,0,3,0.045693817000000005,0.256104422,4,12
2018/4/12,1,3,0.017876053,0.143400993,4,12
2018/4/12,2,3,0.016739244,0.072386112,4,12
2018/4/12,3,3,0.011456623,0.144328575,4,12
2018/4/12,4,3,0.006139306999999999,0.030101108999999997,4,12
2018/4/12,5,3,0.01213973,0.113073034,4,12
2018/4/12,6,3,0.066188412,0.809968166,4,12
2018/4/12,7,3,0.191655121,1.422952166,4,12
2018/4/12,8,3,0.302138481,1.9694173430000002,4,12
2018/4/12,9,3,0.34238114399999997,2.359846182,4,12
2018/4/12,10,3,0.42089513799999995,1.994580564,4,12
2018/4/12,11,3,0.383567276,1.936279812,4,12
2018/4/12,12,3,0.360852575,2.30748354,4,12
2018/4/12,13,3,0.308292379,1.86794138,4,12
2018/4/12,14,3,0.284112883,1.8386501219999998,4,12
2018/4/12,15,3,0.41884656,1.982830629,4,12
2018/4/12,16,3,0.227750502,1.4385266780000001,4,12
2018/4/12,17,3,0.378377695,2.247962484,4,12
2018/4/12,18,3,0.421852379,2.8732034210000004,4,12
2018/4/12,19,3,0.258665133,1.74557291,4,12
2018/4/12,20,3,0.23995766600000001,1.356197901,4,12
2018/4/12,21,3,0.227358055,1.585137548,4,12
2018/4/12,22,3,0.171355553,0.905717812,4,12
2018/4/12,23,3,0.11723444,0.483338776,4,12
2018/4/13,0,3,0.0652,0.295,4,13
2018/4/13,0,3,0.065220137,0.294621325,4,13
2018/4/13,1,3,0.020526857,0.133305798,4,13
2018/4/13,2,3,0.02010849,0.083677015,4,13
2018/4/13,3,3,0.008341398,0.051291027,4,13
2018/4/13,4,3,0.007965650999999999,0.158981161,4,13
2018/4/13,5,3,0.012735128,0.086403341,4,13
2018/4/13,6,3,0.060370388,0.42021497700000005,4,13
2018/4/13,7,3,0.178377466,1.5754398059999999,4,13
2018/4/13,8,3,0.287,2.24,4,13
2018/4/13,8,3,0.286787577,2.241208029,4,13
2018/4/13,9,3,0.319617462,2.135190191,4,13
2018/4/13,10,3,0.332522602,1.757569027,4,13
2018/4/13,11,3,0.32114149999999997,1.685772285,4,13
2018/4/13,12,3,0.381930561,2.176964912,4,13
2018/4/13,13,3,0.249151392,1.634611883,4,13
2018/4/13,14,3,0.30966004399999997,2.17887764,4,13
2018/4/13,15,3,0.268546715,1.7433886719999998,4,13
2018/4/13,16,3,0.319,2.06,4,13
2018/4/13,16,3,0.318579245,2.0629776669999997,4,13
2018/4/13,17,3,0.401203165,2.493072844,4,13
2018/4/13,18,3,0.5138020320000001,3.39954216,4,13
2018/4/13,19,3,0.344624662,2.04672555,4,13
2018/4/13,20,3,0.25768832199999997,1.7070289230000002,4,13
2018/4/13,21,3,0.322257261,1.8336838340000001,4,13
2018/4/13,22,3,0.227150278,0.9653298379999999,4,13
2018/4/13,23,3,0.080043812,0.48447756799999997,4,13
2018/4/15,0,3,0.031435804,0.129933157,4,15
2018/4/15,1,3,0.011228436999999999,0.08812945400000001,4,15
2018/4/15,2,3,0.00591074,0.016202011000000002,4,15
2018/4/15,3,3,0.004776621,0.016625462,4,15
2018/4/15,4,3,0.004161444,0.011714716000000002,4,15
2018/4/15,5,3,0.008491335,0.040856581,4,15
2018/4/15,6,3,0.016825752,0.166170645,4,15
2018/4/15,7,3,0.063831768,0.511570225,4,15
2018/4/15,8,3,0.18837739,1.25273201,4,15
2018/4/15,9,3,0.20295311,1.105684032,4,15
2018/4/15,10,3,0.222294235,2.616105261,4,15
2018/4/15,11,3,0.226797323,1.353043156,4,15
2018/4/15,12,3,0.244175053,1.512560778,4,15
2018/4/15,13,3,0.264102049,1.690434866,4,15
2018/4/15,14,3,0.23232082399999998,1.413433323,4,15
2018/4/15,15,3,0.282759562,1.358073158,4,15
2018/4/15,16,3,0.24610590899999998,2.1741795059999998,4,15
2018/4/15,17,3,0.27108194399999996,1.7834060669999998,4,15
2018/4/15,18,3,0.239715366,1.324787369,4,15
2018/4/15,19,3,0.21682806,1.056768208,4,15
2018/4/15,20,3,0.223042784,1.43484066,4,15
2018/4/15,21,3,0.119411974,0.5443535420000001,4,15
2018/4/15,22,3,0.073996954,0.712489853,4,15
2018/4/15,23,3,0.068475847,0.612049694,4,15
2018/4/16,0,3,0.017402449,0.100390434,4,16
2018/4/16,1,3,0.003520746,0.020583763,4,16
2018/4/16,2,3,0.002926302,0.035220156,4,16
2018/4/16,3,3,0.002342415,0.00783761,4,16
2018/4/16,4,3,0.003116007,0.030571937999999996,4,16
2018/4/16,5,3,0.006053658000000001,0.05116251,4,16
2018/4/16,6,3,0.0415,0.295,4,16
2018/4/16,7,3,0.135168314,0.976724567,4,16
2018/4/16,8,3,0.233672762,1.4812881469999999,4,16
2018/4/16,9,3,0.23751906399999997,1.396364269,4,16
2018/4/16,10,3,0.219495726,1.3349601359999999,4,16
2018/4/16,11,3,0.251515541,1.310111609,4,16
2018/4/16,12,3,0.308028879,1.58949276,4,16
2018/4/16,13,3,0.247751904,1.413352203,4,16
2018/4/16,14,3,0.20303316100000002,1.1381704240000001,4,16
2018/4/16,15,3,0.210892773,1.235616407,4,16
2018/4/16,16,3,0.183593683,1.1259202959999999,4,16
2018/4/16,17,3,0.259373322,1.2971450420000001,4,16
2018/4/16,18,3,0.302612944,1.95517375,4,16
2018/4/16,19,3,0.233,1.5,4,16
2018/4/16,20,3,0.211296005,0.981154385,4,16
2018/4/16,21,3,0.206522837,0.960794516,4,16
2018/4/16,22,3,0.150203781,0.575942726,4,16
2018/4/16,23,3,0.040733976,0.22975029,4,16
2018/4/17,0,3,0.022911491000000003,0.095028801,4,17
2018/4/17,1,3,0.0122,0.171,4,17
2018/4/17,2,3,0.007182406999999999,0.081534595,4,17
2018/4/17,3,3,0.00245,0.012210712,4,17
2018/4/17,4,3,0.005411749,0.094997797,4,17
2018/4/17,5,3,0.005187693,0.084782515,4,17
2018/4/17,6,3,0.030196333,0.298478336,4,17
2018/4/17,7,3,0.121922541,1.032953644,4,17
2018/4/17,8,3,0.237091131,1.497913275,4,17
2018/4/17,9,3,0.211340513,1.361875076,4,17
2018/4/17,10,3,0.24133332300000002,1.956839981,4,17
2018/4/17,11,3,0.246567354,1.5660450080000001,4,17
2018/4/17,12,3,0.267989187,1.68892271,4,17
2018/4/17,13,3,0.26528421399999996,2.085640755,4,17
2018/4/17,14,3,0.217143946,1.112732544,4,17
2018/4/17,15,3,0.20143644300000002,1.110381927,4,17
2018/4/17,16,3,0.22020043399999997,1.4776188559999999,4,17
2018/4/17,17,3,0.24501872100000002,1.3941128440000001,4,17
2018/4/17,18,3,0.252797422,1.761281986,4,17
2018/4/17,19,3,0.259616346,1.50829627,4,17
2018/4/17,20,3,0.286156473,1.739396982,4,17
2018/4/17,21,3,0.187818613,1.109396019,4,17
2018/4/17,22,3,0.095970612,0.668616381,4,17
2018/4/17,23,3,0.064166183,0.413260288,4,17
2018/4/18,0,3,0.030521297000000003,0.20883255,4,18
2018/4/18,1,3,0.017476425,0.09518261900000001,4,18
2018/4/18,2,3,0.0054100319999999995,0.037974558,4,18
2018/4/18,3,3,0.0036907579999999997,0.033786154,4,18
2018/4/18,4,3,0.004222364,0.023842058,4,18
2018/4/18,5,3,0.01345849,0.05517004,4,18
2018/4/18,6,3,0.045140505,0.410717182,4,18
2018/4/18,7,3,0.11596080800000001,0.9606054690000001,4,18
2018/4/18,8,3,0.205669165,1.540149851,4,18
2018/4/18,9,3,0.20516229600000002,1.487731266,4,18
2018/4/18,10,3,0.25667304,1.670871611,4,18
2018/4/18,11,3,0.22515734699999998,1.336254406,4,18
2018/4/18,12,3,0.318562012,1.987650862,4,18
2018/4/18,13,3,0.286019287,1.9703546619999999,4,18
2018/4/18,14,3,0.307057915,1.781355505,4,18
2018/4/18,15,3,0.30585807800000003,1.8327689459999998,4,18
2018/4/18,16,3,0.292146082,2.000001488,4,18
2018/4/18,17,3,0.42121481899999996,2.575841351,4,18
2018/4/18,18,3,0.40757268,2.7796554369999997,4,18
2018/4/18,19,3,0.29737978,1.7820740990000001,4,18
2018/4/18,20,3,0.254115133,1.48961669,4,18
2018/4/18,21,3,0.249426355,1.491416483,4,18
2018/4/18,22,3,0.183,0.9581406690000001,4,18
2018/4/18,23,3,0.153022642,0.452818155,4,18
2018/4/19,0,3,0.054427166,0.32379037899999996,4,19
2018/4/19,1,3,0.025892152999999998,0.19349187899999998,4,19
2018/4/19,2,3,0.016463099,0.082015142,4,19
2018/4/19,3,3,0.011789446,0.26632,4,19
2018/4/19,4,3,0.010538806999999999,0.140587025,4,19
2018/4/19,5,3,0.013,0.0765,4,19
2018/4/19,6,3,0.060966692,0.494389772,4,19
2018/4/19,7,3,0.203396683,1.437021914,4,19
2018/4/19,8,3,0.309256849,2.4073114490000003,4,19
2018/4/19,9,3,0.334850578,2.2791128830000003,4,19
2018/4/19,10,3,0.3598176,2.002089443,4,19
2018/4/19,11,3,0.350770531,2.1070866969999997,4,19
2018/4/19,12,3,0.36902179700000004,2.250721169,4,19
2018/4/19,13,3,0.31773741699999997,1.8640623090000001,4,19
2018/4/19,14,3,0.30868328100000003,1.586088715,4,19
2018/4/19,15,3,0.289909992,1.9966134359999999,4,19
2018/4/19,16,3,0.309270954,2.075070333,4,19
2018/4/19,17,3,0.367860508,2.270377274,4,19
2018/4/19,18,3,0.40162348700000006,2.759850178,4,19
2018/4/19,19,3,0.20483976399999998,1.298609581,4,19
2018/4/19,20,3,0.3068717,1.5133577919999999,4,19
2018/4/19,21,3,0.232867889,1.457783155,4,19
2018/4/19,22,3,0.17764796300000002,0.862843485,4,19
2018/4/19,23,3,0.046242360999999996,0.182092495,4,19
