Date,Time,Cell_num,Upload,Download,Day,Hour
2018/3/1,0,867,2.65E-05,1.67E-05,1,1
2018/3/1,1,867,2.02E-05,1.95E-05,1,2
2018/3/1,2,867,8.40E-06,7.97E-06,1,3
2018/3/1,3,867,1.01E-05,5.69E-06,1,4
2018/3/1,4,867,2.13E-05,2.67E-05,1,5
2018/3/1,5,867,4.34E-05,9.04E-05,1,6
2018/3/1,6,867,0.000275494,0.000779835,1,7
2018/3/1,7,867,0.001298061,0.019189846,1,8
2018/3/1,8,867,0.000466908,0.001593728,1,9
2018/3/1,9,867,0.00230091,0.05927254,1,10
2018/3/1,10,867,0.004154123,0.015915985,1,11
2018/3/1,11,867,0.004430388,0.006931585,1,12
2018/3/1,12,867,0.001434561,0.018117899,1,13
2018/3/1,13,867,0.000673031,0.004564303,1,14
2018/3/1,14,867,0.002750678,0.005577308,1,15
2018/3/1,15,867,0.003581136,0.001071135,1,16
2018/3/1,16,867,0.000590903,0.001169475,1,17
2018/3/1,17,867,0.00155539,0.005505494,1,18
2018/3/1,18,867,0.004970161,0.090971622,1,19
2018/3/1,19,867,0.001006666,0.015718388,1,20
2018/3/1,20,867,0.000214505,0.000654757,1,21
2018/3/1,21,867,0.000294961,0.00055948,1,22
2018/3/1,22,867,7.29E-05,0.000372749,1,23
2018/3/1,23,867,9.07E-05,0.000217242,1,24
2018/3/2,0,867,1.52E-05,1.56E-05,2,25
2018/3/2,1,867,1.21E-05,3.03E-05,2,26
2018/3/2,3,867,1.40E-05,7.10E-05,2,27
2018/3/2,4,867,1.91E-05,1.49E-05,2,28
2018/3/2,5,867,5.24E-05,0.00027821,2,29
2018/3/2,6,867,8.84E-05,0.000177689,2,30
2018/3/2,7,867,0.000896232,0.001585365,2,31
2018/3/2,8,867,0.001114661,0.003699171,2,32
2018/3/2,9,867,0.003690345,0.063710491,2,33
2018/3/2,10,867,0.000903767,0.0070006,2,34
2018/3/2,11,867,0.018306068,0.049801885,2,35
2018/3/2,12,867,0.018564645,0.031466527,2,36
2018/3/2,13,867,0.000480945,0.006440976,2,37
2018/3/2,14,867,0.004668658,0.055804992,2,38
2018/3/2,15,867,0.007027139,0.03565415,2,39
2018/3/2,16,867,0.011097811,0.169030653,2,40
2018/3/2,17,867,0.004938827,0.125006054,2,41
2018/3/2,18,867,0.017475341,0.038100578,2,42
2018/3/2,19,867,0.00372639,0.025692082,2,43
2018/3/2,20,867,0.0016427,0.02128828,2,44
2018/3/2,21,867,0.002459371,0.038379536,2,45
2018/3/2,22,867,0.000568506,0.001470807,2,46
2018/3/2,23,867,0.000103372,0.001485186,2,47
2018/3/3,0,867,3.79E-05,6.25E-05,3,48
2018/3/3,1,867,1.42E-05,1.08E-05,3,49
2018/3/3,4,867,3.43E-05,2.99E-05,3,50
2018/3/3,5,867,3.73E-06,2.04E-06,3,51
2018/3/3,6,867,0.000144845,0.000170028,3,52
2018/3/3,7,867,0.000560254,0.002571908,3,53
2018/3/3,8,867,0.001034563,0.005968462,3,54
2018/3/3,9,867,0.001062947,0.007989955,3,55
2018/3/3,10,867,0.001951167,0.022501664,3,56
2018/3/3,11,867,0.002380871,0.028617177,3,57
2018/3/3,12,867,0.006435555,0.029112424,3,58
2018/3/3,13,867,0.005748563,0.027698238,3,59
2018/3/3,14,867,0.003484226,0.023124999,3,60
2018/3/3,15,867,0.001903309,0.016177304,3,61
2018/3/3,16,867,0.016555346,0.107194904,3,62
2018/3/3,17,867,0.006073464,0.103483142,3,63
2018/3/3,18,867,0.001854559,0.010390365,3,64
2018/3/3,19,867,0.000497291,0.002212411,3,65
2018/3/3,20,867,0.000684953,0.009745507,3,66
2018/3/3,21,867,0.000874901,0.001094687,3,67
2018/3/3,22,867,0.001839031,0.002417162,3,68
2018/3/3,23,867,0.001141907,0.003015552,3,69
2018/3/4,0,867,2.32E-05,3.40E-05,4,70
2018/3/4,1,867,3.05E-05,0.000442243,4,71
2018/3/4,2,867,9.66E-06,1.06E-05,4,72
2018/3/4,3,867,1.81E-05,2.23E-05,4,73
2018/3/4,4,867,8.77E-06,1.05E-05,4,74
2018/3/4,5,867,1.64E-05,1.37E-05,4,75
2018/3/4,6,867,9.51E-05,0.000157388,4,76
2018/3/4,7,867,0.001061974,0.006620741,4,77
2018/3/4,8,867,0.000410193,0.004107281,4,78
2018/3/4,9,867,0.001504266,0.008062917,4,79
2018/3/4,10,867,0.008684465,0.288772339,4,80
2018/3/4,11,867,0.004595086,0.130216442,4,81
2018/3/4,12,867,0.001747855,0.009558934,4,82
2018/3/4,13,867,0.00125237,0.006816063,4,83
2018/3/4,14,867,0.001358985,0.003726476,4,84
2018/3/4,15,867,0.001409275,0.005321734,4,85
2018/3/4,16,867,0.001643878,0.017329603,4,86
2018/3/4,17,867,0.002297414,0.00957392,4,87
2018/3/4,18,867,0.000730781,0.006418442,4,88
2018/3/4,19,867,0.001205457,0.007472259,4,89
2018/3/4,20,867,0.003068791,0.0025032,4,90
2018/3/4,21,867,0.001505118,0.014024347,4,91
2018/3/4,22,867,0.001189417,0.051064552,4,92
2018/3/4,23,867,2.44E-05,0.000100163,4,93
2018/3/5,0,867,2.91E-05,2.95E-05,5,94
2018/3/5,1,867,1.49E-05,1.11E-05,5,95
2018/3/5,2,867,2.46E-05,2.99E-05,5,96
2018/3/5,3,867,6.18E-07,2.67E-07,5,97
2018/3/5,4,867,0,8.39E-08,5,98
2018/3/5,5,867,2.02E-05,1.85E-05,5,99
2018/3/5,6,867,0.00021714,0.002502264,5,100
2018/3/5,7,867,0.003113239,0.010791377,5,101
2018/3/5,8,867,0.001941293,0.026233839,5,102
2018/3/5,9,867,0.00229796,0.069372624,5,103
2018/3/5,10,867,0.002853993,0.035049625,5,104
2018/3/5,11,867,0.002134697,0.02348263,5,105
2018/3/5,12,867,0.004877627,0.016367254,5,106
2018/3/5,13,867,0.001678279,0.008341164,5,107
2018/3/5,14,867,0.004350606,0.053672573,5,108
2018/3/5,15,867,0.005987667,0.019492525,5,109
2018/3/5,16,867,0.001192259,0.004811632,5,110
2018/3/5,17,867,0.000974043,0.013488097,5,111
2018/3/5,18,867,0.002232178,0.019510381,5,112
2018/3/5,19,867,0.00032504,0.000490265,5,113
2018/3/5,20,867,0.000365921,0.013355747,5,114
2018/3/5,21,867,0.00064807,0.000652725,5,115
2018/3/5,22,867,0.000144246,0.001427491,5,116
2018/3/5,23,867,0.000159025,0.009682985,5,117
2018/3/6,0,867,2.17E-06,2.38E-06,6,118
2018/3/6,1,867,1.90E-06,1.29E-06,6,119
2018/3/6,2,867,4.15E-05,0.000159568,6,120
2018/3/6,4,867,7.70E-05,9.45E-05,6,121
2018/3/6,5,867,7.83E-06,4.22E-06,6,122
2018/3/6,6,867,0.000510633,0.002899201,6,123
2018/3/6,7,867,0.001722404,0.010536702,6,124
2018/3/6,8,867,0.002111811,0.006769652,6,125
2018/3/6,9,867,0.001477541,0.05467773,6,126
2018/3/6,10,867,0.000760371,0.002007871,6,127
2018/3/6,11,867,0.005676766,0.023420299,6,128
2018/3/6,12,867,0.003222089,0.051279178,6,129
2018/3/6,13,867,0.000899544,0.002361983,6,130
2018/3/6,14,867,0.003622292,0.042471434,6,131
2018/3/6,15,867,0.00062323,0.000887591,6,132
2018/3/6,16,867,0.008874177,0.02292757,6,133
2018/3/6,17,867,0.002604238,0.020157978,6,134
2018/3/6,18,867,0.001820075,0.010403955,6,135
2018/3/6,19,867,0.000769937,0.001430197,6,136
2018/3/6,20,867,0.001045802,0.003529197,6,137
2018/3/6,21,867,0.0003914,0.000799943,6,138
2018/3/6,22,867,7.45E-05,0.001098595,6,139
2018/3/6,23,867,0.0002389,0.002980575,6,140
2018/3/7,0,867,0.000253474,0.000673687,7,141
2018/3/7,1,867,3.16E-06,4.36E-06,7,142
2018/3/7,2,867,4.71E-05,0.001350389,7,143
2018/3/7,3,867,3.11E-06,3.27E-06,7,144
2018/3/7,4,867,1.19E-05,5.72E-06,7,145
2018/3/7,5,867,7.98E-05,0.000534303,7,146
2018/3/7,6,867,0.000431915,0.003458957,7,147
2018/3/7,7,867,0.000552227,0.002127734,7,148
2018/3/7,8,867,0.002842685,0.050858463,7,149
2018/3/7,9,867,0.001707594,0.006300035,7,150
2018/3/7,10,867,0.002574856,0.011793007,7,151
2018/3/7,11,867,0.004251881,0.02672428,7,152
2018/3/7,12,867,0.003360305,0.060513661,7,153
2018/3/7,13,867,0.006294212,0.032998748,7,154
2018/3/7,14,867,0.004532891,0.072710925,7,155
2018/3/7,15,867,0.02400833,0.041150699,7,156
2018/3/7,16,867,0.004657399,0.019839601,7,157
2018/3/7,17,867,0.003966187,0.015928787,7,158
2018/3/7,18,867,0.001445548,0.007126994,7,159
2018/3/7,19,867,0.001393242,0.005848724,7,160
2018/3/7,20,867,0.012623612,0.080567255,7,161
2018/3/7,21,867,0.003486255,0.005546159,7,162
2018/3/7,22,867,9.89E-05,0.000345786,7,163
2018/3/7,23,867,4.68E-05,4.34E-05,7,164
2018/3/8,0,867,4.65E-05,0.003571134,8,165
2018/3/8,1,867,1.43E-05,6.58E-05,8,166
2018/3/8,2,867,3.05E-06,3.16E-06,8,167
2018/3/8,3,867,4.13E-06,3.38E-06,8,168
2018/3/8,4,867,5.82E-05,4.92E-05,8,169
2018/3/8,5,867,3.57E-05,5.42E-05,8,170
2018/3/8,6,867,0.000913213,0.004243388,8,171
2018/3/8,7,867,0.000752063,0.006599735,8,172
2018/3/8,8,867,0.003409648,0.046850368,8,173
2018/3/8,9,867,0.001282354,0.011696717,8,174
2018/3/8,10,867,0.001622465,0.015111494,8,175
2018/3/8,11,867,0.001658696,0.029896276,8,176
2018/3/8,12,867,0.016235566,0.065281973,8,177
2018/3/8,13,867,0.003773227,0.019106724,8,178
2018/3/8,14,867,0.001158171,0.002791287,8,179
2018/3/8,15,867,0.001446534,0.022727966,8,180
2018/3/8,16,867,0.004363749,0.082330715,8,181
2018/3/8,17,867,0.005859657,0.053418072,8,182
2018/3/8,18,867,0.004167338,0.028616448,8,183
2018/3/8,19,867,0.002208308,0.004028327,8,184
2018/3/8,20,867,0.000657819,0.001684678,8,185
2018/3/8,21,867,0.00268451,0.002681427,8,186
2018/3/8,22,867,0.000642887,0.001156899,8,187
2018/3/8,23,867,6.58E-05,0.000108633,8,188
2018/3/9,0,867,0.00010797,0.004500031,9,189
2018/3/9,1,867,4.71E-06,5.02E-06,9,190
2018/3/9,2,867,6.68E-05,0.001035756,9,191
2018/3/9,3,867,1.61E-05,5.33E-06,9,192
2018/3/9,4,867,1.34E-05,2.25E-05,9,193
2018/3/9,5,867,7.85E-05,0.000513408,9,194
2018/3/9,6,867,0.000281912,0.002670493,9,195
2018/3/9,7,867,0.001298857,0.009200444,9,196
2018/3/9,8,867,0.012962648,0.01899932,9,197
2018/3/9,9,867,0.0067041,0.115123533,9,198
2018/3/9,10,867,0.003866755,0.069134866,9,199
2018/3/9,11,867,0.00565264,0.045539836,9,200
2018/3/9,12,867,0.005665648,0.07780593,9,201
2018/3/9,13,867,0.003419373,0.005054338,9,202
2018/3/9,14,867,0.002335093,0.038468377,9,203
2018/3/9,15,867,0.007049946,0.032270649,9,204
2018/3/9,16,867,0.005797131,0.141268343,9,205
2018/3/9,17,867,0.008129306,0.070949376,9,206
2018/3/9,18,867,0.006666027,0.108758714,9,207
2018/3/9,19,867,0.001856638,0.017035049,9,208
2018/3/9,20,867,0.002978556,0.004849551,9,209
2018/3/9,21,867,0.000443593,0.000622279,9,210
2018/3/9,22,867,0.000297585,0.004929885,9,211
2018/3/9,23,867,0.000779171,0.000619664,9,212
2018/3/10,0,867,0.00012074,0.00655153,10,213
2018/3/10,1,867,4.68E-06,3.81E-06,10,214
2018/3/10,2,867,3.02E-06,3.49E-06,10,215
2018/3/10,3,867,1.54E-05,9.68E-06,10,216
2018/3/10,4,867,0.000137124,0.000186916,10,217
2018/3/10,5,867,0.000137019,0.000385452,10,218
2018/3/10,6,867,0.000193121,0.000534633,10,219
2018/3/10,7,867,0.003563791,0.051225336,10,220
2018/3/10,8,867,0.006718431,0.164960164,10,221
2018/3/10,9,867,0.005770357,0.040218794,10,222
2018/3/10,10,867,0.010304578,0.04037672,10,223
2018/3/10,11,867,0.002131662,0.024747565,10,224
2018/3/10,12,867,0.005728856,0.122699912,10,225
2018/3/10,13,867,0.009921635,0.052466486,10,226
2018/3/10,14,867,0.002618688,0.059444224,10,227
2018/3/10,15,867,0.003678768,0.015851842,10,228
2018/3/10,16,867,0.011914559,0.032598499,10,229
2018/3/10,17,867,0.011199617,0.074391047,10,230
2018/3/10,18,867,0.0067834,0.094889082,10,231
2018/3/10,19,867,0.001994723,0.016521653,10,232
2018/3/10,20,867,0.004743444,0.023982195,10,233
2018/3/10,21,867,0.001766478,0.003077633,10,234
2018/3/10,22,867,0.000200336,0.000259674,10,235
2018/3/10,23,867,0.000184544,0.004723122,10,236
2018/3/11,0,867,6.74E-05,0.000169397,11,237
2018/3/11,1,867,6.37E-05,5.72E-05,11,238
2018/3/11,2,867,3.23E-05,2.75E-05,11,239
2018/3/11,3,867,2.81E-06,2.93E-06,11,240
2018/3/11,4,867,7.72E-06,1.07E-05,11,241
2018/3/11,5,867,5.47E-05,0.000390751,11,242
2018/3/11,6,867,0.000750962,0.005082545,11,243
2018/3/11,7,867,0.001138269,0.006326623,11,244
2018/3/11,8,867,0.015750916,0.008669933,11,245
2018/3/11,9,867,0.010304581,0.137126183,11,246
2018/3/11,10,867,0.025290268,0.110314516,11,247
2018/3/11,11,867,0.007903874,0.083723801,11,248
2018/3/11,12,867,0.005801203,0.04424027,11,249
2018/3/11,13,867,0.003140762,0.006953682,11,250
2018/3/11,14,867,0.004309115,0.025099113,11,251
2018/3/11,15,867,0.008865884,0.26967016,11,252
2018/3/11,16,867,0.004553787,0.17584345,11,253
2018/3/11,17,867,0.002430913,0.01701395,11,254
2018/3/11,18,867,0.001782907,0.014086859,11,255
2018/3/11,19,867,0.006336405,0.113305717,11,256
2018/3/11,20,867,0.000840756,0.007264966,11,257
2018/3/11,21,867,0.000478941,0.001515933,11,258
2018/3/11,22,867,0.002059515,0.008535674,11,259
2018/3/11,23,867,0.000121286,0.003403575,11,260
2018/3/12,0,867,0.000120268,0.000156798,12,261
2018/3/12,1,867,0.003310379,0.000309255,12,262
2018/3/12,2,867,3.98E-06,3.10E-06,12,263
2018/3/12,3,867,1.22E-05,8.11E-06,12,264
2018/3/12,4,867,2.81E-06,3.10E-06,12,265
2018/3/12,5,867,4.38E-05,5.12E-05,12,266
2018/3/12,6,867,0.000562311,0.002223054,12,267
2018/3/12,7,867,0.001424456,0.027199837,12,268
2018/3/12,8,867,0.005380608,0.242351604,12,269
2018/3/12,9,867,0.002830664,0.020930724,12,270
2018/3/12,10,867,0.007145971,0.026914984,12,271
2018/3/12,11,867,0.002922124,0.021747787,12,272
2018/3/12,12,867,0.006205195,0.134460363,12,273
2018/3/12,13,867,0.006123522,0.053857796,12,274
2018/3/12,14,867,0.01144611,0.06705846,12,275
2018/3/12,15,867,0.016554571,0.265722009,12,276
2018/3/12,16,867,0.010319546,0.11309028,12,277
2018/3/12,17,867,0.00831444,0.042253586,12,278
2018/3/12,18,867,0.005489226,0.075042545,12,279
2018/3/12,19,867,0.000880075,0.004546262,12,280
2018/3/12,20,867,0.003832342,0.026665979,12,281
2018/3/12,21,867,0.001344193,0.00765988,12,282
2018/3/12,22,867,0.000350332,0.00156077,12,283
2018/3/12,23,867,0.001030257,0.004216723,12,284
2018/3/13,0,867,0.000180092,0.007068294,13,285
2018/3/13,1,867,7.90E-05,9.15E-05,13,286
2018/3/13,2,867,0.000125515,0.004427235,13,287
2018/3/13,3,867,2.58E-05,0.000306241,13,288
2018/3/13,4,867,7.47E-06,6.59E-06,13,289
2018/3/13,5,867,0.000106689,0.002359792,13,290
2018/3/13,6,867,0.000263571,0.000969436,13,291
2018/3/13,7,867,0.006185243,0.025206126,13,292
2018/3/13,8,867,0.006010117,0.099909473,13,293
2018/3/13,9,867,0.015551425,0.079728521,13,294
2018/3/13,10,867,0.00784637,0.054952796,13,295
2018/3/13,11,867,0.003709486,0.065808005,13,296
2018/3/13,12,867,0.004597019,0.044476868,13,297
2018/3/13,13,867,0.004984778,0.083686029,13,298
2018/3/13,14,867,0.006395099,0.059493497,13,299
2018/3/13,15,867,0.007383898,0.120329466,13,300
2018/3/13,16,867,0.014330235,0.085176459,13,301
2018/3/13,17,867,0.034702829,0.181092505,13,302
2018/3/13,18,867,0.011568474,0.010570788,13,303
2018/3/13,19,867,0.00083207,0.004293987,13,304
2018/3/13,20,867,0.003352068,0.011739651,13,305
2018/3/13,21,867,0.000483635,0.001023814,13,306
2018/3/13,22,867,0.000667497,0.002315078,13,307
2018/3/13,23,867,4.32E-05,7.52E-05,13,308
2018/3/14,0,867,9.84E-05,0.000331768,14,309
2018/3/14,1,867,1.43E-05,2.58E-05,14,310
2018/3/14,2,867,5.35E-05,9.03E-05,14,311
2018/3/14,3,867,0.002591609,0.003091045,14,312
2018/3/14,4,867,4.57E-06,4.40E-06,14,313
2018/3/14,5,867,9.35E-05,0.002034093,14,314
2018/3/14,6,867,0.000905545,0.004925632,14,315
2018/3/14,7,867,0.006435977,0.134473415,14,316
2018/3/14,8,867,0.013113056,0.137734116,14,317
2018/3/14,9,867,0.008208687,0.013622432,14,318
2018/3/14,10,867,0.008904559,0.061259578,14,319
2018/3/14,11,867,0.008154351,0.059717615,14,320
2018/3/14,12,867,0.00835325,0.077346314,14,321
2018/3/14,13,867,0.002559157,0.015570112,14,322
2018/3/14,14,867,0.004829517,0.023797154,14,323
2018/3/14,15,867,0.022449679,0.222758971,14,324
2018/3/14,16,867,0.026355553,0.116023774,14,325
2018/3/14,17,867,0.00643793,0.033106805,14,326
2018/3/14,18,867,0.001998824,0.003182892,14,327
2018/3/14,19,867,0.007935149,0.11539085,14,328
2018/3/14,20,867,0.0038713,0.040675262,14,329
2018/3/14,21,867,0.006539372,0.071903174,14,330
2018/3/14,22,867,6.79E-05,0.000132589,14,331
2018/3/14,23,867,0.003060385,0.025661754,14,332
2018/3/15,0,867,5.11E-05,7.74E-05,15,333
2018/3/15,1,867,0.00016943,0.001469129,15,334
2018/3/15,2,867,2.10E-05,1.43E-05,15,335
2018/3/15,3,867,3.33E-06,1.95E-06,15,336
2018/3/15,4,867,1.18E-05,7.83E-05,15,337
2018/3/15,5,867,1.53E-05,1.54E-05,15,338
2018/3/15,6,867,0.000738714,0.004848336,15,339
2018/3/15,7,867,0.001466642,0.014893668,15,340
2018/3/15,8,867,0.000984342,0.010122726,15,341
2018/3/15,9,867,0.002706395,0.022029217,15,342
2018/3/15,10,867,0.014611749,0.02647054,15,343
2018/3/15,11,867,0.011087006,0.029151286,15,344
2018/3/15,12,867,0.025011555,0.056472515,15,345
2018/3/15,13,867,0.001527751,0.004092422,15,346
2018/3/15,14,867,0.002017138,0.031583408,15,347
2018/3/15,15,867,0.003397077,0.026149441,15,348
2018/3/15,16,867,0.003032162,0.00839536,15,349
2018/3/15,17,867,0.002215501,0.037198429,15,350
2018/3/15,18,867,0.005560805,0.149644689,15,351
2018/3/15,19,867,0.010749329,0.018701581,15,352
2018/3/15,20,867,0.002572417,0.036012974,15,353
2018/3/15,21,867,0.001281062,0.033217554,15,354
2018/3/15,22,867,0.000272063,0.000395834,15,355
2018/3/15,23,867,0.000143766,0.000370498,15,356
2018/3/16,0,867,2.80E-05,2.21E-05,16,357
2018/3/16,1,867,0.000200752,0.000204952,16,358
2018/3/16,2,867,4.28E-06,2.20E-06,16,359
2018/3/16,3,867,0.000151462,0.000124207,16,360
2018/3/16,4,867,1.67E-05,1.81E-05,16,361
2018/3/16,5,867,6.68E-05,0.000442599,16,362
2018/3/16,6,867,0.00033191,0.005231927,16,363
2018/3/16,7,867,0.011716506,0.035600952,16,364
2018/3/16,8,867,0.013026971,0.034446889,16,365
2018/3/16,9,867,0.008318135,0.056538836,16,366
2018/3/16,10,867,0.005574503,0.056557389,16,367
2018/3/16,11,867,0.00350912,0.031959557,16,368
2018/3/16,12,867,0.011508652,0.081221073,16,369
2018/3/16,13,867,0.005458362,0.032732059,16,370
2018/3/16,14,867,0.009133691,0.070909581,16,371
2018/3/16,15,867,0.009998303,0.025666371,16,372
2018/3/16,16,867,0.015934203,0.056946381,16,373
2018/3/16,17,867,0.018845582,0.043694584,16,374
2018/3/16,18,867,0.020285543,0.052441886,16,375
2018/3/16,19,867,0.006555415,0.014161081,16,376
2018/3/16,20,867,0.013645843,0.275785231,16,377
2018/3/16,21,867,0.001130186,0.006683093,16,378
2018/3/16,22,867,0.000675597,0.008180069,16,379
2018/3/16,23,867,0.000475344,0.002001009,16,380
2018/3/17,0,867,0.000531586,0.004105665,17,381
2018/3/17,1,867,0.000173834,0.001065145,17,382
2018/3/17,2,867,9.21E-05,0.00011567,17,383
2018/3/17,3,867,0.000195491,0.000819045,17,384
2018/3/17,4,867,0.000467005,0.001281957,17,385
2018/3/17,5,867,0.000162638,0.000169533,17,386
2018/3/17,6,867,0.000378774,0.016313899,17,387
2018/3/17,7,867,0.00370748,0.059945211,17,388
2018/3/17,8,867,0.002828365,0.033345657,17,389
2018/3/17,9,867,0.008462124,0.266467697,17,390
2018/3/17,10,867,0.016227188,0.043786918,17,391
2018/3/17,11,867,0.012933722,0.162271455,17,392
2018/3/17,12,867,0.007113659,0.031777411,17,393
2018/3/17,13,867,0.01370095,0.011066074,17,394
2018/3/17,14,867,0.004954439,0.081601527,17,395
2018/3/17,15,867,0.003092224,0.034886372,17,396
2018/3/17,16,867,0.013226521,0.016508727,17,397
2018/3/17,17,867,0.002257664,0.010123141,17,398
2018/3/17,18,867,0.002092098,0.024889077,17,399
2018/3/17,19,867,0.001664189,0.005067016,17,400
2018/3/17,20,867,0.002298431,0.031751299,17,401
2018/3/17,21,867,0.002425284,0.052949421,17,402
2018/3/17,22,867,0.000293121,0.000350285,17,403
2018/3/17,23,867,1.33E-05,2.05E-05,17,404
2018/3/18,0,867,0.000190683,0.002976345,18,405
2018/3/18,1,867,3.76E-05,7.29E-05,18,406
2018/3/18,2,867,0.000166265,0.003640154,18,407
2018/3/18,3,867,3.22E-05,8.99E-05,18,408
2018/3/18,4,867,1.91E-09,8.39E-08,18,409
2018/3/18,5,867,2.38E-05,0.000155705,18,410
2018/3/18,6,867,0.000714051,0.017441435,18,411
2018/3/18,7,867,0.001375241,0.010245425,18,412
2018/3/18,8,867,0.010947742,0.036077682,18,413
2018/3/18,9,867,0.017016857,0.073702069,18,414
2018/3/18,10,867,0.00828,0.1207556,18,415
2018/3/18,11,867,0.040549922,0.135483656,18,416
2018/3/18,12,867,0.006767354,0.139973208,18,417
2018/3/18,13,867,0.002864446,0.029473092,18,418
2018/3/18,14,867,0.004220408,0.023573326,18,419
2018/3/18,15,867,0.004726498,0.054965631,18,420
2018/3/18,16,867,0.008386253,0.09279049,18,421
2018/3/18,17,867,0.005368229,0.012274049,18,422
2018/3/18,18,867,0.001885171,0.013813554,18,423
2018/3/18,19,867,0.003062436,0.014944262,18,424
2018/3/18,20,867,0.000852397,0.008196575,18,425
2018/3/18,21,867,0.000522174,0.012453803,18,426
2018/3/18,22,867,0.000439388,0.00037366,18,427
2018/3/18,23,867,7.82E-05,0.000113831,18,428
2018/3/19,0,867,7.81E-05,0.000669275,19,429
2018/3/19,1,867,0.000375649,0.006098388,19,430
2018/3/19,2,867,3.60E-05,3.22E-05,19,431
2018/3/19,3,867,6.37E-06,3.31E-06,19,432
2018/3/19,4,867,0.000212284,0.012567646,19,433
2018/3/19,5,867,7.13E-05,4.52E-05,19,434
2018/3/19,6,867,0.001005741,0.015584639,19,435
2018/3/19,7,867,0.014057187,0.056215344,19,436
2018/3/19,8,867,0.002750539,0.026094442,19,437
2018/3/19,9,867,0.007189672,0.017155396,19,438
2018/3/19,10,867,0.001624448,0.009569876,19,439
2018/3/19,11,867,0.009096707,0.033295362,19,440
2018/3/19,12,867,0.003801943,0.022052273,19,441
2018/3/19,13,867,0.003652292,0.046317757,19,442
2018/3/19,14,867,0.007410474,0.044568096,19,443
2018/3/19,15,867,0.042513736,0.177271556,19,444
2018/3/19,16,867,0.009153884,0.037233733,19,445
2018/3/19,17,867,0.003706111,0.02075915,19,446
2018/3/19,18,867,0.001307195,0.009918424,19,447
2018/3/19,19,867,0.007225628,0.05774719,19,448
2018/3/19,20,867,0.009802581,0.144881149,19,449
2018/3/19,21,867,0.036008081,0.390522241,19,450
2018/3/19,22,867,0.000918899,0.003323582,19,451
2018/3/19,23,867,4.66E-05,9.03E-05,19,452
2018/3/20,0,867,1.40E-05,1.88E-05,20,453
2018/3/20,1,867,0.00020919,0.000606281,20,454
2018/3/20,2,867,8.29E-06,1.08E-05,20,455
2018/3/20,3,867,6.88E-05,6.96E-05,20,456
2018/3/20,4,867,3.57E-05,6.46E-05,20,457
2018/3/20,5,867,0.000303631,0.000661978,20,458
2018/3/20,6,867,0.000554631,0.002094222,20,459
2018/3/20,7,867,0.007836057,0.06459678,20,460
2018/3/20,8,867,0.039631994,0.116524967,20,461
2018/3/20,9,867,0.002289549,0.015792113,20,462
2018/3/20,10,867,0.008470328,0.036871943,20,463
2018/3/20,11,867,0.007364324,0.030187296,20,464
2018/3/20,12,867,0.007395793,0.01659832,20,465
2018/3/20,13,867,0.002568606,0.017673898,20,466
2018/3/20,14,867,0.002971578,0.010017992,20,467
2018/3/20,15,867,0.001461946,0.0217997,20,468
2018/3/20,16,867,0.003155493,0.045489422,20,469
2018/3/20,17,867,0.002234748,0.018668036,20,470
2018/3/20,18,867,0.004441596,0.018125742,20,471
2018/3/20,19,867,0.001404667,0.00598563,20,472
2018/3/20,20,867,0.011703315,0.086805079,20,473
2018/3/20,21,867,0.005761093,0.11276285,20,474
2018/3/20,22,867,0.000755901,0.013647098,20,475
2018/3/20,23,867,0.000324566,0.000721044,20,476
2018/3/21,0,867,0.000134319,0.00426554,21,477
2018/3/21,1,867,0.000134117,0.000203494,21,478
2018/3/21,2,867,0.000104877,0.000203824,21,479
2018/3/21,3,867,1.07E-05,9.46E-06,21,480
2018/3/21,4,867,0.00022841,0.022077434,21,481
2018/3/21,5,867,0.000202222,0.008167722,21,482
2018/3/21,6,867,0.000524939,0.004141251,21,483
2018/3/21,7,867,0.003919565,0.058425938,21,484
2018/3/21,8,867,0.019809676,0.082021626,21,485
2018/3/21,9,867,0.029594071,0.04958595,21,486
2018/3/21,10,867,0.002176597,0.022937914,21,487
2018/3/21,11,867,0.005527765,0.026079792,21,488
2018/3/21,12,867,0.015866721,0.083410761,21,489
2018/3/21,13,867,0.005531964,0.09202908,21,490
2018/3/21,14,867,0.001671345,0.018165037,21,491
2018/3/21,15,867,0.00337229,0.031094123,21,492
2018/3/21,16,867,0.005669332,0.048117497,21,493
2018/3/21,17,867,0.003228646,0.007164093,21,494
2018/3/21,18,867,0.003667698,0.019462898,21,495
2018/3/21,19,867,0.082243229,0.159688458,21,496
2018/3/21,20,867,0.000757452,0.00191259,21,497
2018/3/21,21,867,0.000245729,0.000355376,21,498
2018/3/21,22,867,0.000579773,0.00233243,21,499
2018/3/21,23,867,0.000190781,0.005744554,21,500
2018/3/22,0,867,7.34E-05,0.000161938,22,501
2018/3/22,1,867,2.81E-06,3.10E-06,22,502
2018/3/22,2,867,2.38E-05,4.44E-05,22,503
2018/3/22,3,867,1.56E-05,1.47E-05,22,504
2018/3/22,4,867,2.03E-05,2.82E-05,22,505
2018/3/22,5,867,0.000472911,0.001521677,22,506
2018/3/22,6,867,0.001196166,0.004432261,22,507
2018/3/22,7,867,0.015033753,0.03171395,22,508
2018/3/22,8,867,0.007821947,0.103709929,22,509
2018/3/22,9,867,0.010544889,0.020602298,22,510
2018/3/22,10,867,0.056859241,0.127672256,22,511
2018/3/22,11,867,0.00324946,0.00984972,22,512
2018/3/22,12,867,0.003665007,0.02996697,22,513
2018/3/22,13,867,0.005865538,0.281081435,22,514
2018/3/22,14,867,0.00254248,0.011224373,22,515
2018/3/22,15,867,0.004782768,0.035659351,22,516
2018/3/22,16,867,0.006593031,0.097728657,22,517
2018/3/22,17,867,0.034393179,0.09796688,22,518
2018/3/22,18,867,0.002211226,0.014810749,22,519
2018/3/22,19,867,0.002016424,0.005242178,22,520
2018/3/22,20,867,0.004308919,0.073294068,22,521
2018/3/22,21,867,0.000466088,0.003857251,22,522
2018/3/22,22,867,0.000349177,0.00096218,22,523
2018/3/22,23,867,3.33E-05,2.09E-05,22,524
2018/3/23,0,867,0.000157582,0.005311775,23,525
2018/3/23,1,867,5.86E-05,2.67E-05,23,526
2018/3/23,2,867,1.41E-05,2.32E-05,23,527
2018/3/23,3,867,3.24E-06,3.21E-06,23,528
2018/3/23,4,867,0.000161979,0.000232235,23,529
2018/3/23,5,867,0.000843228,0.006611383,23,530
2018/3/23,6,867,0.001031034,0.008170288,23,531
2018/3/23,7,867,0.005965625,0.142134684,23,532
2018/3/23,8,867,0.011029893,0.065150694,23,533
2018/3/23,9,867,0.019222902,0.03529328,23,534
2018/3/23,10,867,0.002177407,0.022537183,23,535
2018/3/23,11,867,0.010509218,0.0887857,23,536
2018/3/23,12,867,0.008354311,0.118418197,23,537
2018/3/23,13,867,0.005007133,0.004276731,23,538
2018/3/23,14,867,0.000888098,0.001384082,23,539
2018/3/23,15,867,0.009411163,0.05739633,23,540
2018/3/23,16,867,0.006077904,0.024049266,23,541
2018/3/23,17,867,0.010339837,0.031909884,23,542
2018/3/23,18,867,0.002097782,0.009979121,23,543
2018/3/23,19,867,0.001943261,0.009659972,23,544
2018/3/23,20,867,0.002441776,0.010041455,23,545
2018/3/23,21,867,0.003361492,0.005726185,23,546
2018/3/23,22,867,0.002310138,0.034539365,23,547
2018/3/23,23,867,0.000821675,0.007046037,23,548
2018/3/24,0,867,0.000247075,0.00495979,24,549
2018/3/24,1,867,1.61E-05,1.44E-05,24,550
2018/3/24,2,867,0.000107638,0.001096208,24,551
2018/3/24,3,867,6.76E-06,6.56E-05,24,552
2018/3/24,4,867,0.000172652,0.002097819,24,553
2018/3/24,5,867,0.000151603,0.000511296,24,554
2018/3/24,6,867,0.001237794,0.027961656,24,555
2018/3/24,7,867,0.002715378,0.017907038,24,556
2018/3/24,8,867,0.008605215,0.084996906,24,557
2018/3/24,9,867,0.010100125,0.077547357,24,558
2018/3/24,10,867,0.007058409,0.046149818,24,559
2018/3/24,11,867,0.007837253,0.064108803,24,560
2018/3/24,12,867,0.014178702,0.063635218,24,561
2018/3/24,13,867,0.005457996,0.041264057,24,562
2018/3/24,14,867,0.002356059,0.019101542,24,563
2018/3/24,15,867,0.005247121,0.055166433,24,564
2018/3/24,16,867,0.005831815,0.056996125,24,565
2018/3/24,17,867,0.005151317,0.028788047,24,566
2018/3/24,18,867,0.005551335,0.026243553,24,567
2018/3/24,19,867,0.000945037,0.004401186,24,568
2018/3/24,20,867,0.007972543,0.178178576,24,569
2018/3/24,21,867,0.003230973,0.019719438,24,570
2018/3/24,22,867,0.000237441,0.000428755,24,571
2018/3/24,23,867,0.000117361,9.55E-05,24,572
2018/3/25,0,867,0.00012286,5.36E-05,25,573
2018/3/25,1,867,6.79E-05,0.00012547,25,574
2018/3/25,2,867,5.60E-05,0.000247344,25,575
2018/3/25,3,867,7.16E-05,5.76E-05,25,576
2018/3/25,4,867,9.37E-06,6.36E-06,25,577
2018/3/25,5,867,0.000228591,0.000518786,25,578
2018/3/25,6,867,0.01023942,0.002595868,25,579
2018/3/25,7,867,0.006297551,0.212071479,25,580
2018/3/25,8,867,0.007473948,0.06590369,25,581
2018/3/25,9,867,0.005542105,0.072895914,25,582
2018/3/25,10,867,0.014473723,0.257306202,25,583
2018/3/25,11,867,0.016120767,0.144241229,25,584
2018/3/25,12,867,0.010708047,0.045599614,25,585
2018/3/25,13,867,0.012982163,0.012104316,25,586
2018/3/25,14,867,0.002143679,0.005729007,25,587
2018/3/25,15,867,0.004725996,0.005860329,25,588
2018/3/25,16,867,0.02866864,0.050311133,25,589
2018/3/25,17,867,0.005524387,0.033550496,25,590
2018/3/25,18,867,0.006521203,0.027180803,25,591
2018/3/25,19,867,0.006050172,0.01945901,25,592
2018/3/25,20,867,0.001539112,0.005508824,25,593
2018/3/25,21,867,0.001258731,0.001796451,25,594
2018/3/25,22,867,0.000320495,0.000673624,25,595
2018/3/25,23,867,0.000371709,0.000540931,25,596
2018/3/26,0,867,1.03E-05,2.66E-05,26,597
2018/3/26,1,867,6.40E-06,8.53E-06,26,598
2018/3/26,2,867,1.50E-05,1.91E-05,26,599
2018/3/26,3,867,1.32E-05,2.22E-05,26,600
2018/3/26,4,867,1.46E-05,1.70E-05,26,601
2018/3/26,5,867,8.07E-05,0.000111685,26,602
2018/3/26,6,867,0.00175984,0.075964082,26,603
2018/3/26,7,867,0.003196222,0.045247401,26,604
2018/3/26,8,867,0.001459041,0.004840082,26,605
2018/3/26,9,867,0.007105577,0.147561835,26,606
2018/3/26,10,867,0.003045467,0.041302148,26,607
2018/3/26,11,867,0.00894364,0.027168684,26,608
2018/3/26,12,867,0.009856745,0.042254564,26,609
2018/3/26,13,867,0.001869911,0.023687456,26,610
2018/3/26,14,867,0.005562938,0.020110668,26,611
2018/3/26,15,867,0.102849788,0.171792187,26,612
2018/3/26,16,867,0.010789781,0.173643788,26,613
2018/3/26,17,867,0.020981541,0.172371383,26,614
2018/3/26,18,867,0.014886332,0.134411433,26,615
2018/3/26,19,867,0.001415253,0.014225247,26,616
2018/3/26,20,867,0.001312986,0.012940852,26,617
2018/3/26,21,867,0.034007714,0.129480133,26,618
2018/3/26,22,867,0.000334937,0.000351004,26,619
2018/3/26,23,867,1.04E-05,1.70E-05,26,620
2018/3/27,0,867,0.000153112,0.000132501,27,621
2018/3/27,1,867,2.30E-05,4.15E-05,27,622
2018/3/27,2,867,3.75E-06,1.67E-06,27,623
2018/3/27,3,867,2.35E-05,2.46E-05,27,624
2018/3/27,4,867,2.52E-05,1.80E-05,27,625
2018/3/27,5,867,0.000235489,0.001545003,27,626
2018/3/27,6,867,0.000712096,0.007248803,27,627
2018/3/27,7,867,0.01025281,0.055624454,27,628
2018/3/27,8,867,0.006315948,0.12168395,27,629
2018/3/27,9,867,0.02042885,0.071023669,27,630
2018/3/27,10,867,0.002659725,0.019344628,27,631
2018/3/27,18,867,0.003948194,0.032553075,27,632
2018/3/27,19,867,0.002664885,0.027823586,27,633
2018/3/27,20,867,0.000502945,0.001681338,27,634
2018/3/27,21,867,0.002502511,0.01893376,27,635
2018/3/27,22,867,0.001085122,0.013240692,27,636
2018/3/27,23,867,0.000189908,0.00048069,27,637
2018/3/28,0,867,3.25E-06,1.97E-06,28,638
2018/3/28,1,867,9.03E-05,0.00179854,28,639
2018/3/28,2,867,0.000252296,0.001010438,28,640
2018/3/28,3,867,1.24E-05,1.47E-05,28,641
2018/3/28,4,867,1.39E-05,1.26E-05,28,642
2018/3/28,5,867,0.000192625,0.001690981,28,643
2018/3/28,6,867,0.004988923,0.005928303,28,644
2018/3/28,7,867,0.004089753,0.039678071,28,645
2018/3/28,8,867,0.003131752,0.024793479,28,646
2018/3/28,9,867,0.001411242,0.005467362,28,647
2018/3/28,10,867,0.005907987,0.066315722,28,648
2018/3/28,11,867,0.00386086,0.011497737,28,649
2018/3/28,12,867,0.004830946,0.018796812,28,650
2018/3/28,13,867,0.013110611,0.023838409,28,651
2018/3/28,14,867,0.00137625,0.021627933,28,652
2018/3/28,15,867,0.006467027,0.028118306,28,653
2018/3/28,16,867,0.012498255,0.039975458,28,654
2018/3/28,17,867,0.003245214,0.042183892,28,655
2018/3/28,18,867,0.003023808,0.045630173,28,656
2018/3/28,19,867,0.001687377,0.007780655,28,657
2018/3/28,20,867,0.002760849,0.076404577,28,658
2018/3/28,21,867,0.005613539,0.174179548,28,659
2018/3/28,22,867,5.38E-05,0.000152213,28,660
2018/3/28,23,867,2.26E-05,1.02E-05,28,661
2018/3/29,0,867,7.08E-05,0.00018759,29,662
2018/3/29,1,867,0.000630794,0.002215639,29,663
2018/3/29,2,867,0.001456078,0.002453429,29,664
2018/3/29,3,867,6.06E-05,0.00018863,29,665
2018/3/29,4,867,0.000207265,0.008026824,29,666
2018/3/29,5,867,0.000129836,9.63E-05,29,667
2018/3/29,6,867,0.000679477,0.002085402,29,668
2018/3/29,7,867,0.003675555,0.03345688,29,669
2018/3/29,8,867,0.005686663,0.072504416,29,670
2018/3/29,9,867,0.008396263,0.140778325,29,671
2018/3/29,10,867,0.008570299,0.015929537,29,672
2018/3/29,11,867,0.011079977,0.027437303,29,673
2018/3/29,12,867,0.007006323,0.156208793,29,674
2018/3/29,13,867,0.004467746,0.009689522,29,675
2018/3/29,14,867,0.003457756,0.024143602,29,676
2018/3/29,15,867,0.004546563,0.030983422,29,677
2018/3/29,16,867,0.004626263,0.072932621,29,678
2018/3/29,17,867,0.003951775,0.0391759,29,679
2018/3/29,18,867,0.00421647,0.048611166,29,680
2018/3/29,19,867,0.002334566,0.015668722,29,681
2018/3/29,20,867,0.002832348,0.022663311,29,682
2018/3/29,21,867,0.000415936,0.001733013,29,683
2018/3/29,22,867,0.000145127,0.000641925,29,684
2018/3/29,23,867,0.000279448,0.000314891,29,685
2018/3/30,0,867,7.99E-05,6.47E-05,30,686
2018/3/30,1,867,7.02E-05,3.49E-05,30,687
2018/3/30,2,867,2.49E-05,2.10E-05,30,688
2018/3/30,3,867,2.37E-05,3.38E-05,30,689
2018/3/30,4,867,0.000114459,0.000191177,30,690
2018/3/30,5,867,0.000230382,0.000638221,30,691
2018/3/30,6,867,0.001189059,0.023066157,30,692
2018/3/30,7,867,0.000318437,0.000743729,30,693
2018/3/30,8,867,0.005681867,0.032250845,30,694
2018/3/30,9,867,0.006451372,0.037752833,30,695
2018/3/30,10,867,0.009985274,0.119191035,30,696
2018/3/30,11,867,0.004805618,0.026447186,30,697
2018/3/30,12,867,0.019220592,0.171433798,30,698
2018/3/30,13,867,0.019211282,0.074150773,30,699
2018/3/30,14,867,0.007949092,0.076449386,30,700
2018/3/30,15,867,0.017454396,0.113925991,30,701
2018/3/30,16,867,0.009893468,0.092029537,30,702
2018/3/30,17,867,0.015253036,0.124658911,30,703
2018/3/30,18,867,0.003970337,0.062778552,30,704
2018/3/30,19,867,0.01738822,0.31641907,30,705
2018/3/30,20,867,0.020017625,0.881365934,30,706
2018/3/30,21,867,0.007935332,0.103719868,30,707
2018/3/30,22,867,0.002353088,0.023867219,30,708
2018/3/30,23,867,0.00038109,0.002536637,30,709
2018/3/31,0,867,0.000290873,0.000336918,31,710
2018/3/31,1,867,4.94E-05,6.20E-05,31,711
2018/3/31,2,867,0.000136752,0.000171267,31,712
2018/3/31,3,867,0.000274337,0.000712135,31,713
2018/3/31,4,867,0.00271565,0.060239132,31,714
2018/3/31,5,867,0.000665185,0.003205557,31,715
2018/3/31,6,867,0.002234094,0.022754777,31,716
2018/3/31,7,867,0.005181269,0.135761127,31,717
2018/3/31,8,867,0.010264857,0.093259299,31,718
2018/3/31,9,867,0.05415074,0.189430959,31,719
2018/3/31,10,867,0.009346144,0.045325668,31,720
2018/3/31,11,867,0.00984493,0.159355084,31,721
2018/3/31,12,867,0.015163144,0.154626277,31,722
2018/3/31,13,867,0.029454926,0.27757524,31,723
2018/3/31,14,867,0.00858147,0.020706936,31,724
2018/3/31,15,867,0.006897691,0.034504722,31,725
2018/3/31,16,867,0.021892667,0.135626555,31,726
2018/3/31,17,867,0.032015791,0.149670552,31,727
2018/3/31,18,867,0.008839795,0.108065908,31,728
2018/3/31,19,867,0.006750816,0.091097677,31,729
2018/3/31,20,867,0.003395332,0.042351061,31,730
2018/3/31,21,867,0.002816582,0.011386129,31,731
2018/3/31,22,867,0.001216185,0.005492457,31,732
2018/3/31,23,867,0.000417769,0.001152972,31,733
018-04-01,0,867,0.000568512,0.000822166,32,734
018-04-01,1,867,0.011724602,0.265835403,32,735
018-04-01,2,867,9.62E-05,0.000115342,32,736
018-04-01,3,867,0.000206542,0.000767954,32,737
018-04-01,4,867,0.0001612,0.001749567,32,738
018-04-01,5,867,0.000292631,0.00262214,32,739
018-04-01,6,867,0.001913114,0.017250367,32,740
018-04-01,7,867,0.002385663,0.016649656,32,741
018-04-01,8,867,0.006390019,0.025246022,32,742
018-04-01,9,867,0.006197468,0.060503428,32,743
018-04-01,10,867,0.01135165,0.23394239,32,744
018-04-01,11,867,0.008979033,0.113860548,32,745
018-04-01,12,867,0.009009422,0.110585187,32,746
018-04-01,13,867,0.003020152,0.015821071,32,747
018-04-01,14,867,0.013282165,0.069528237,32,748
018-04-01,15,867,0.00566153,0.024801611,32,749
018-04-01,16,867,0.008387071,0.083364133,32,750
018-04-01,17,867,0.002615644,0.014377953,32,751
018-04-01,18,867,0.011250076,0.100377666,32,752
018-04-01,19,867,0.007662181,0.027683708,32,753
018-04-01,20,867,0.000933605,0.004179227,32,754
018-04-01,21,867,0.004493104,0.141973419,32,755
018-04-01,22,867,7.11E-05,0.000174432,32,756
018-04-01,23,867,0.000236353,0.000704575,32,757
018-04-02,0,867,2.53E-05,8.51E-05,33,758
018-04-02,1,867,0.000733787,3.57E-05,33,759
018-04-02,2,867,2.81E-06,2.92E-06,33,760
018-04-02,3,867,2.64E-05,2.15E-05,33,761
018-04-02,4,867,0.000114017,0.000135138,33,762
018-04-02,5,867,4.59E-05,3.77E-05,33,763
018-04-02,6,867,0.000954996,0.005744801,33,764
018-04-02,7,867,0.004278596,0.060714996,33,765
018-04-02,8,867,0.002472911,0.042205077,33,766
018-04-02,9,867,0.002781023,0.008724699,33,767
018-04-02,10,867,0.008513327,0.039072921,33,768
018-04-02,11,867,0.005146422,0.045367834,33,769
018-04-02,12,867,0.012785708,0.152041659,33,770
018-04-02,13,867,0.013381847,0.043123713,33,771
018-04-02,14,867,0.003742165,0.033259645,33,772
018-04-02,15,867,0.003034645,0.010662609,33,773
018-04-02,16,867,0.007003551,0.019321444,33,774
018-04-02,17,867,0.005575328,0.020921999,33,775
018-04-02,18,867,0.004678144,0.010883025,33,776
018-04-02,19,867,0.003134915,0.027395916,33,777
018-04-02,20,867,0.011788858,0.055930656,33,778
018-04-02,21,867,0.001097627,0.005220224,33,779
018-04-02,22,867,0.00062574,0.003458405,33,780
018-04-02,23,867,0.000148602,0.000412025,33,781
018-04-03,0,867,9.23E-05,7.94E-05,34,782
018-04-03,1,867,0.000273159,0.000199319,34,783
018-04-03,2,867,3.19E-05,2.95E-05,34,784
018-04-03,3,867,4.98E-06,4.00E-06,34,785
018-04-03,4,867,3.51E-05,5.00E-05,34,786
018-04-03,5,867,0.000699591,0.018335748,34,787
018-04-03,6,867,0.001320175,0.019528852,34,788
018-04-03,7,867,0.003058684,0.011543888,34,789
018-04-03,8,867,0.002304149,0.012293614,34,790
018-04-03,9,867,0.003478471,0.005092493,34,791
018-04-03,10,867,0.006880956,0.078905375,34,792
018-04-03,11,867,0.009127414,0.020128605,34,793
018-04-03,12,867,0.004608843,0.084564177,34,794
018-04-03,13,867,0.007057454,0.04482286,34,795
018-04-03,14,867,0.010003968,0.034095328,34,796
018-04-03,15,867,0.005664698,0.051968559,34,797
018-04-03,16,867,0.004627656,0.015688782,34,798
018-04-03,17,867,0.004480544,0.056870484,34,799
018-04-03,18,867,0.002453472,0.028053185,34,800
018-04-03,19,867,0.002715559,0.012185955,34,801
018-04-03,20,867,0.004398581,0.042375964,34,802
018-04-03,21,867,0.005866773,0.057811537,34,803
018-04-03,22,867,0.001151519,0.011346993,34,804
018-04-03,23,867,0.000130713,0.000163311,34,805
018-04-04,0,867,0.000294877,0.000556242,35,806
018-04-04,1,867,0.000160206,6.22E-05,35,807
018-04-04,2,867,0.000226686,0.000190173,35,808
018-04-04,3,867,0.000385568,0.000955978,35,809
018-04-04,4,867,0.001117995,0.01051234,35,810
018-04-04,5,867,0.000425063,0.002295391,35,811
018-04-04,6,867,0.001357974,0.007730228,35,812
018-04-04,7,867,0.003668168,0.011379548,35,813
018-04-04,8,867,0.001738161,0.007436584,35,814
018-04-04,9,867,0.002689201,0.0315141,35,815
018-04-04,10,867,0.006170198,0.139273362,35,816
018-04-04,11,867,0.084347383,0.30435569,35,817
018-04-04,12,867,0.008811583,0.033270353,35,818
018-04-04,13,867,0.006119802,0.014416723,35,819
018-04-04,14,867,0.037593204,0.039354078,35,820
018-04-04,15,867,0.032197181,0.02544347,35,821
018-04-04,16,867,0.010686604,0.106124043,35,822
018-04-04,17,867,0.0038652,0.017988923,35,823
018-04-04,18,867,0.006328528,0.012134043,35,824
018-04-04,19,867,0.001293626,0.002333299,35,825
018-04-04,20,867,0.005653164,0.148887482,35,826
018-04-04,21,867,0.001294586,0.006652694,35,827
018-04-04,22,867,0.000328723,0.000822335,35,828
018-04-04,23,867,0.00034638,0.004517498,35,829
2018/4/5,0,867,0.00012849,0.000352708,36,830
2018/4/5,1,867,1.61E-05,3.54E-05,36,831
2018/4/5,2,867,2.12E-07,2.67E-07,36,832
2018/4/5,3,867,7.45E-06,2.39E-06,36,833
2018/4/5,4,867,1.97E-05,1.42E-05,36,834
2018/4/5,5,867,9.94E-05,4.86E-05,36,835
2018/4/5,6,867,0.000723542,0.008466213,36,836
2018/4/5,7,867,0.010559398,0.021520835,36,837
2018/4/5,8,867,0.002575422,0.015984102,36,838
2018/4/5,9,867,0.004812974,0.082021792,36,839
2018/4/5,10,867,0.007736506,0.025207383,36,840
2018/4/5,11,867,0.003571479,0.052804483,36,841
2018/4/5,12,867,0.003534347,0.022129805,36,842
2018/4/5,13,867,0.002204086,0.011806499,36,843
2018/4/5,14,867,0.008313313,0.039147299,36,844
2018/4/5,15,867,0.004140086,0.021657241,36,845
2018/4/5,16,867,0.01397681,0.053549273,36,846
2018/4/5,17,867,0.005550295,0.038896628,36,847
2018/4/5,18,867,0.002776688,0.012350974,36,848
2018/4/5,19,867,0.004008959,0.013072439,36,849
2018/4/5,20,867,0.002918019,0.081686278,36,850
2018/4/5,21,867,0.001109811,0.008428141,36,851
2018/4/5,22,867,0.000363017,0.000845577,36,852
2018/4/5,23,867,0.0001144,0.000689106,36,853
2018/4/6,0,867,2.44E-05,2.03E-05,37,854
2018/4/6,1,867,8.25E-06,3.90E-06,37,855
2018/4/6,2,867,3.59E-05,2.75E-05,37,856
2018/4/6,3,867,2.12E-06,1.47E-06,37,857
2018/4/6,4,867,1.36E-05,6.14E-06,37,858
2018/4/6,5,867,0.000268219,0.000712575,37,859
2018/4/6,6,867,0.000854212,0.00435006,37,860
2018/4/6,7,867,0.001067909,0.012132183,37,861
2018/4/6,8,867,0.005619321,0.032637066,37,862
2018/4/6,9,867,0.003909784,0.058408085,37,863
2018/4/6,10,867,0.004444499,0.016750779,37,864
2018/4/6,11,867,0.005063056,0.024982563,37,865
2018/4/6,12,867,0.004556168,0.01204681,37,866
2018/4/6,13,867,0.004317785,0.008283506,37,867
2018/4/6,14,867,0.003753925,0.025033111,37,868
2018/4/6,15,867,0.008208431,0.050931693,37,869
2018/4/6,16,867,0.003282716,0.022382268,37,870
2018/4/6,17,867,0.007199446,0.062057783,37,871
2018/4/6,18,867,0.004580856,0.043640469,37,872
2018/4/6,19,867,0.003459678,0.016532319,37,873
2018/4/6,20,867,0.002220329,0.014740475,37,874
2018/4/6,21,867,0.041543183,0.057987291,37,875
2018/4/6,22,867,0.000467839,0.000446444,37,876
2018/4/6,23,867,0.000119626,0.000315399,37,877
2018/4/7,0,867,3.38E-05,2.13E-05,38,878
2018/4/7,1,867,9.56E-05,0.000538554,38,879
2018/4/7,2,867,1.87E-05,1.09E-05,38,880
2018/4/7,3,867,5.72E-09,2.52E-07,38,881
2018/4/7,4,867,0.000905919,0.028003454,38,882
2018/4/7,5,867,0.000107718,0.00042062,38,883
2018/4/7,6,867,0.014159612,0.014106268,38,884
2018/4/7,7,867,0.003283652,0.01049511,38,885
2018/4/7,8,867,0.002414456,0.01318906,38,886
2018/4/7,9,867,0.0087937,0.074475076,38,887
2018/4/7,10,867,0.0087082,0.032275287,38,888
2018/4/7,11,867,0.005544565,0.016343264,38,889
2018/4/7,12,867,0.009183508,0.036549247,38,890
2018/4/7,13,867,0.004327722,0.033573878,38,891
2018/4/7,14,867,0.059810184,0.020851131,38,892
2018/4/7,15,867,0.005685608,0.03573228,38,893
2018/4/7,16,867,0.010048698,0.048302262,38,894
2018/4/7,17,867,0.005809028,0.034690052,38,895
2018/4/7,18,867,0.009013847,0.029853525,38,896
2018/4/7,19,867,0.013484114,0.040094639,38,897
2018/4/7,20,867,0.001029265,0.011302022,38,898
2018/4/7,21,867,0.004216758,0.012285004,38,899
2018/4/7,22,867,0.000268241,0.000260815,38,900
2018/4/7,23,867,0.000261016,0.000920623,38,901
018-04-08,0,867,0.000568547,0.004260704,39,902
018-04-08,1,867,0.000139435,0.000316686,39,903
018-04-08,2,867,1.54E-05,1.10E-05,39,904
018-04-08,3,867,2.37E-05,4.02E-06,39,905
018-04-08,4,867,0.000130971,0.000105273,39,906
018-04-08,5,867,9.30E-05,0.000137171,39,907
018-04-08,6,867,0.001313629,0.007571542,39,908
018-04-08,7,867,0.003176117,0.02581891,39,909
018-04-08,8,867,0.002057083,0.015653307,39,910
018-04-08,9,867,0.002271501,0.020817408,39,911
018-04-08,10,867,0.00450438,0.018628843,39,912
018-04-08,11,867,0.004007849,0.018362147,39,913
018-04-08,12,867,0.002095425,0.006146718,39,914
018-04-08,13,867,0.01844137,0.020685914,39,915
018-04-08,14,867,0.007197764,0.036911435,39,916
018-04-08,15,867,0.017849592,0.044010209,39,917
018-04-08,16,867,0.019707708,0.042650691,39,918
018-04-08,17,867,0.013176656,0.107807112,39,919
018-04-08,18,867,0.004772921,0.043082895,39,920
018-04-08,19,867,0.003173855,0.011806922,39,921
018-04-08,20,867,0.009200893,0.02353991,39,922
018-04-08,21,867,0.001745564,0.012187247,39,923
018-04-08,22,867,9.84E-05,0.000733726,39,924
018-04-08,23,867,0.000190763,0.000300816,39,925
018-04-09,0,867,0.000102304,0.000139546,40,926
018-04-09,1,867,2.11E-05,3.04E-05,40,927
018-04-09,2,867,0.003483411,0.002998724,40,928
018-04-09,3,867,5.38E-05,7.17E-05,40,929
018-04-09,4,867,4.96E-05,0.000181061,40,930
018-04-09,5,867,0.000436798,0.005256529,40,931
018-04-09,6,867,0.001530759,0.004757668,40,932
018-04-09,7,867,0.002653399,0.021783546,40,933
018-04-09,8,867,0.008829356,0.006877081,40,934
018-04-09,9,867,0.004776512,0.018147511,40,935
018-04-09,10,867,0.004902843,0.033076873,40,936
018-04-09,11,867,0.005354053,0.026347214,40,937
018-04-09,12,867,0.009404432,0.239825258,40,938
018-04-09,13,867,0.005031242,0.111182909,40,939
018-04-09,14,867,0.006582662,0.056115087,40,940
018-04-09,15,867,0.007128316,0.117944712,40,941
018-04-09,16,867,0.007437462,0.239242907,40,942
018-04-09,17,867,0.009117208,0.087047426,40,943
018-04-09,18,867,0.008815674,0.038682223,40,944
018-04-09,19,867,0.002081969,0.007576492,40,945
018-04-09,20,867,0.004199716,0.006342484,40,946
018-04-09,21,867,0.000747803,0.002643198,40,947
018-04-09,22,867,0.000238835,0.000270529,40,948
018-04-09,23,867,0.000168182,0.00017457,40,949
018-04-10,0,867,1.36E-05,1.32E-05,41,950
018-04-10,1,867,4.42E-05,4.00E-05,41,951
018-04-10,2,867,2.72E-05,0.000319979,41,952
018-04-10,3,867,1.09E-05,1.08E-05,41,953
018-04-10,4,867,1.42E-05,1.15E-05,41,954
018-04-10,5,867,0.000218052,0.002342463,41,955
018-04-10,6,867,0.000756841,0.002655888,41,956
018-04-10,7,867,0.00354286,0.053068485,41,957
018-04-10,8,867,0.005254275,0.021406787,41,958
018-04-10,9,867,0.005364193,0.020792444,41,959
018-04-10,10,867,0.012552752,0.051932246,41,960
018-04-10,11,867,0.052050237,0.070397462,41,961
018-04-10,12,867,0.023633108,0.166485329,41,962
018-04-10,13,867,0.017847121,0.501531231,41,963
018-04-10,14,867,0.010134563,0.209464911,41,964
018-04-10,15,867,0.004316134,0.035517047,41,965
018-04-10,16,867,0.00759181,0.082814989,41,966
018-04-10,17,867,0.005062715,0.011153411,41,967
018-04-10,18,867,0.007055326,0.024632756,41,968
018-04-10,19,867,0.005512275,0.01725983,41,969
018-04-10,20,867,0.009782979,0.043251849,41,970
018-04-10,21,867,0.002675534,0.030035363,41,971
018-04-10,22,867,0.000353468,0.005952521,41,972
018-04-10,23,867,0.000110033,0.000134651,41,973
2018/4/11,0,867,0.000128222,0.001481039,42,974
2018/4/11,1,867,0.00012857,0.00022554,42,975
2018/4/11,2,867,0.000275794,0.000469754,42,976
2018/4/11,3,867,6.69E-05,6.31E-05,42,977
2018/4/11,4,867,5.65E-05,4.43E-05,42,978
2018/4/11,5,867,0.000457951,0.00240554,42,979
2018/4/11,6,867,0.00178486,0.019182665,42,980
2018/4/11,7,867,0.00600433,0.092961095,42,981
2018/4/11,8,867,0.005789345,0.015224714,42,982
2018/4/11,9,867,0.003268882,0.020176684,42,983
2018/4/11,10,867,0.002474188,0.017377615,42,984
2018/4/11,11,867,0.008936121,0.058312446,42,985
2018/4/11,12,867,0.008677008,0.038410816,42,986
2018/4/11,13,867,0.005395976,0.015129273,42,987
2018/4/11,14,867,0.009862211,0.037849689,42,988
2018/4/11,15,867,0.004792768,0.012648283,42,989
2018/4/11,16,867,0.011978411,0.028688969,42,990
2018/4/11,17,867,0.037062953,0.040553465,42,991
2018/4/11,18,867,0.08222679,0.083817726,42,992
2018/4/11,19,867,0.010195104,0.05280177,42,993
2018/4/11,20,867,0.000801257,0.002119668,42,994
2018/4/11,21,867,0.00073696,0.004182501,42,995
2018/4/11,22,867,0.000408025,0.007441861,42,996
2018/4/11,23,867,0.000116642,0.000329938,42,997
2018/4/12,0,867,0.000168458,0.000151423,43,998
2018/4/12,1,867,7.15E-05,1.57E-05,43,999
2018/4/12,2,867,1.72E-05,2.29E-05,43,1000
2018/4/12,3,867,4.04E-05,0.000133286,43,1001
2018/4/12,4,867,3.44E-05,3.52E-05,43,1002
2018/4/12,5,867,0.00071181,0.002267053,43,1003
2018/4/12,6,867,0.002710854,0.008556618,43,1004
2018/4/12,7,867,0.011241581,0.026893142,43,1005
2018/4/12,8,867,0.002703303,0.020334028,43,1006
2018/4/12,9,867,0.002265854,0.016810349,43,1007
2018/4/12,10,867,0.006685736,0.042353822,43,1008
2018/4/12,11,867,0.019213449,0.074519478,43,1009
2018/4/12,12,867,0.009959456,0.026937018,43,1010
2018/4/12,13,867,0.005485016,0.059430276,43,1011
2018/4/12,14,867,0.015386109,0.052495839,43,1012
2018/4/12,15,867,0.006657335,0.042215608,43,1013
2018/4/12,16,867,0.000688424,0.005512912,43,1014
2018/4/12,17,867,0.004134856,0.051212388,43,1015
2018/4/12,18,867,0.007566007,0.078496955,43,1016
2018/4/12,19,867,0.015554347,0.035710681,43,1017
2018/4/12,20,867,0.004448122,0.013184017,43,1018
2018/4/12,21,867,0.009388065,0.042914073,43,1019
2018/4/12,22,867,0.000331743,0.000473875,43,1020
2018/4/12,23,867,0.000596294,0.008276589,43,1021
2018/4/13,0,867,0.001206408,0.036977644,44,1022
2018/4/13,1,867,3.46E-05,0.000341646,44,1023
2018/4/13,2,867,0.000247038,0.004100891,44,1024
2018/4/13,3,867,3.09E-05,3.14E-05,44,1025
2018/4/13,4,867,3.16E-05,8.49E-05,44,1026
2018/4/13,5,867,0.000149179,0.000344838,44,1027
2018/4/13,6,867,0.00117788,0.006859735,44,1028
2018/4/13,7,867,0.012313241,0.024969602,44,1029
2018/4/13,8,867,0.020068458,0.034585571,44,1030
2018/4/13,9,867,0.009319525,0.076897183,44,1031
2018/4/13,10,867,0.007311746,0.021873034,44,1032
2018/4/13,11,867,0.01033666,0.018525453,44,1033
2018/4/13,12,867,0.013568317,0.14054438,44,1034
2018/4/13,13,867,0.005998854,0.088243993,44,1035
2018/4/13,14,867,0.004243478,0.032963606,44,1036
2018/4/13,15,867,0.006751293,0.064603736,44,1037
2018/4/13,16,867,0.003234648,0.026593444,44,1038
2018/4/13,17,867,0.010418647,0.03458201,44,1039
2018/4/13,18,867,0.006803188,0.027079583,44,1040
2018/4/13,19,867,0.011651758,0.033835797,44,1041
2018/4/13,20,867,0.00078587,0.006389181,44,1042
2018/4/13,21,867,0.000499046,0.001219538,44,1043
2018/4/13,22,867,0.00023961,0.00026964,44,1044
2018/4/13,23,867,5.59E-05,0.000139898,44,1045
2018/4/15,0,867,0.000850713,0.001723627,46,1046
2018/4/15,1,867,0.000137385,0.000187499,46,1047
2018/4/15,2,867,5.84E-05,0.000157845,46,1048
2018/4/15,3,867,1.76E-05,3.15E-05,46,1049
2018/4/15,4,867,0.000140718,2.64E-05,46,1050
2018/4/15,5,867,0.000263097,0.000359726,46,1051
2018/4/15,6,867,0.002490243,0.006520394,46,1052
2018/4/15,7,867,0.003364225,0.011999362,46,1053
2018/4/15,8,867,0.00482909,0.01750217,46,1054
2018/4/15,9,867,0.00670001,0.023660721,46,1055
2018/4/15,10,867,0.005505835,0.042057957,46,1056
2018/4/15,11,867,0.014742839,0.175257736,46,1057
2018/4/15,12,867,0.004833589,0.059381924,46,1058
2018/4/15,13,867,0.010710324,0.022893849,46,1059
2018/4/15,14,867,0.016024126,0.124843209,46,1060
2018/4/15,15,867,0.038708281,0.156959233,46,1061
2018/4/15,16,867,0.012227614,0.058689609,46,1062
2018/4/15,17,867,0.00991443,0.170394318,46,1063
2018/4/15,18,867,0.016894036,0.040092744,46,1064
2018/4/15,19,867,0.003177347,0.021865336,46,1065
2018/4/15,20,867,0.013703048,0.112112862,46,1066
2018/4/15,21,867,0.001629061,0.011370951,46,1067
2018/4/15,22,867,0.000198662,0.000320513,46,1068
2018/4/15,23,867,0.000609056,0.006943042,46,1069
2018/4/16,0,867,8.02E-05,0.00083664,47,1070
2018/4/16,1,867,4.65E-05,3.39E-05,47,1071
2018/4/16,2,867,0.000181445,0.000981159,47,1072
2018/4/16,3,867,0.000125688,0.000467945,47,1073
2018/4/16,4,867,0.000256274,0.00077062,47,1074
2018/4/16,5,867,0.00317872,0.007495375,47,1075
2018/4/16,6,867,0.001725311,0.007092804,47,1076
2018/4/16,7,867,0.002562207,0.012435278,47,1077
2018/4/16,8,867,0.007879123,0.024093863,47,1078
2018/4/16,9,867,0.002164432,0.020242527,47,1079
2018/4/16,10,867,0.003033317,0.081974845,47,1080
2018/4/16,11,867,0.009132614,0.031725394,47,1081
2018/4/16,12,867,0.004071926,0.09677284,47,1082
2018/4/16,13,867,0.004657829,0.029764294,47,1083
2018/4/16,14,867,0.003352579,0.041337752,47,1084
2018/4/16,15,867,0.02331158,1.117929288,47,1085
2018/4/16,16,867,0.018264548,0.044156172,47,1086
2018/4/16,17,867,0.009336734,0.038542937,47,1087
2018/4/16,18,867,0.003763421,0.013119449,47,1088
2018/4/16,19,867,0.004124279,0.017709089,47,1089
2018/4/16,20,867,0.002619225,0.008675776,47,1090
2018/4/16,21,867,0.003937429,0.030534863,47,1091
2018/4/16,22,867,0.004620284,0.004540522,47,1092
2018/4/16,23,867,8.67E-05,8.73E-05,47,1093
2018/4/17,0,867,6.09E-05,8.70E-05,48,1094
2018/4/17,1,867,4.91E-05,1.96E-05,48,1095
2018/4/17,2,867,3.30E-05,2.66E-05,48,1096
2018/4/17,3,867,0.000133223,0.000970357,48,1097
2018/4/17,4,867,4.95E-05,3.17E-05,48,1098
2018/4/17,5,867,0.001468809,0.032795539,48,1099
2018/4/17,6,867,0.001353017,0.014239767,48,1100
2018/4/17,7,867,0.028742805,0.164119308,48,1101
2018/4/17,8,867,0.135326021,0.161465587,48,1102
2018/4/17,9,867,0.008886371,0.10786258,48,1103
2018/4/17,10,867,0.005819712,0.031595473,48,1104
2018/4/17,11,867,0.007350424,0.042801001,48,1105
2018/4/17,12,867,0.003966499,0.01575419,48,1106
2018/4/17,13,867,0.009049816,0.155930063,48,1107
2018/4/17,14,867,0.008431584,0.308392937,48,1108
2018/4/17,15,867,0.008435611,0.124113522,48,1109
2018/4/17,16,867,0.014930113,0.017330516,48,1110
2018/4/17,17,867,0.04137751,0.048742547,48,1111
2018/4/17,18,867,0.008734153,0.054019933,48,1112
2018/4/17,19,867,0.006510829,0.013555409,48,1113
2018/4/17,20,867,0.011069759,0.033924463,48,1114
2018/4/17,21,867,0.000926074,0.010513713,48,1115
2018/4/17,22,867,0.000247508,0.000903727,48,1116
2018/4/17,23,867,5.61E-05,3.40E-05,48,1117
2018/4/18,0,867,1.15E-05,3.26E-05,49,1118
2018/4/18,1,867,0.000363234,0.004309585,49,1119
2018/4/18,2,867,0.000224237,0.001149401,49,1120
2018/4/18,3,867,4.60E-05,3.60E-05,49,1121
2018/4/18,4,867,3.36E-05,1.67E-05,49,1122
2018/4/18,5,867,0.000335649,0.000364202,49,1123
2018/4/18,6,867,0.004733338,0.008378874,49,1124
2018/4/18,7,867,0.026871338,0.054952535,49,1125
2018/4/18,8,867,0.007560608,0.067336163,49,1126
2018/4/18,9,867,0.00588243,0.042339105,49,1127
2018/4/18,10,867,0.007323058,0.081630576,49,1128
2018/4/18,11,867,0.002392525,0.012418681,49,1129
2018/4/18,12,867,0.001885997,0.013419463,49,1130
2018/4/18,13,867,0.051031631,0.195632794,49,1131
2018/4/18,14,867,0.005271088,0.047205582,49,1132
2018/4/18,15,867,0.005237286,0.033535982,49,1133
2018/4/18,16,867,0.019374083,0.048575265,49,1134
2018/4/18,17,867,0.011400214,0.026356317,49,1135
2018/4/18,18,867,0.016743335,0.060009143,49,1136
2018/4/18,19,867,0.006056843,0.017880483,49,1137
2018/4/18,20,867,0.00400173,0.005749127,49,1138
2018/4/18,21,867,0.002370362,0.011989655,49,1139
2018/4/18,22,867,0.000208619,0.0008765,49,1140
2018/4/18,23,867,4.93E-05,6.39E-05,49,1141
2018/4/19,0,867,9.21E-05,7.35E-05,50,1142
2018/4/19,1,867,0.000477076,0.000828494,50,1143
2018/4/19,2,867,8.84E-05,0.000324069,50,1144
2018/4/19,3,867,0.000111343,0.000365087,50,1145
2018/4/19,4,867,3.27E-05,5.62E-05,50,1146
2018/4/19,5,867,0.001159098,0.007566446,50,1147
2018/4/19,6,867,0.007070547,0.014973222,50,1148
2018/4/19,7,867,0.004200935,0.016211983,50,1149
2018/4/19,8,867,0.006794391,0.014286029,50,1150
2018/4/19,9,867,0.005136363,0.02652326,50,1151
2018/4/19,10,867,0.015271734,0.060500936,50,1152
2018/4/19,11,867,0.003907507,0.030841941,50,1153
2018/4/19,12,867,0.004495837,0.02979295,50,1154
2018/4/19,13,867,0.011449387,0.053003028,50,1155
2018/4/19,14,867,0.007091871,0.087218542,50,1156
2018/4/19,15,867,0.039590966,0.034814421,50,1157
2018/4/19,16,867,0.009808231,0.114510042,50,1158
2018/4/19,17,867,0.010422405,0.101717199,50,1159
2018/4/19,18,867,0.013337496,0.027724068,50,1160
2018/4/19,19,867,0.010549869,0.025565362,50,1161
2018/4/19,20,867,0.001830241,0.016144159,50,1162
2018/4/19,21,867,0.00302713,0.08301265,50,1163
2018/4/19,22,867,0.000377614,0.002064741,50,1164
2018/4/19,23,867,0.000959586,0.038311372,50,1165