日期,时间,小区编号,upload,download
2018/3/1,0,186,0.012694969,0.209157925
2018/3/1,1,186,0.000560913,0.000851421
2018/3/1,2,186,0.000632057,0.001749058
2018/3/1,3,186,0.000624666,0.001511841
2018/3/1,4,186,0.000762053,0.001753902
2018/3/1,5,186,0.002087736,0.015338039
2018/3/1,6,186,0.001558752,0.014624662
2018/3/1,7,186,0.004559917,0.036997623
2018/3/1,8,186,0.003036432,0.017414141
2018/3/1,9,186,0.001244669,0.002770052
2018/3/1,10,186,0.002838535,0.009227571
2018/3/1,11,186,0.00456852,0.004162836
2018/3/1,12,186,0.002211008,0.029102726
2018/3/1,13,186,0.001706114,0.008143988
2018/3/1,14,186,0.005056143,0.253959055
2018/3/1,15,186,0.001671305,0.055710983
2018/3/1,16,186,0.001810799,0.016826258
2018/3/1,17,186,0.002292051,0.012706747
2018/3/1,18,186,0.019788332,0.052009068
2018/3/1,19,186,0.01324645,0.123214741
2018/3/1,20,186,0.098443766,0.152568045
2018/3/1,21,186,0.039348993,0.384890432
2018/3/1,22,186,0.107482548,1.403621073
2018/3/1,23,186,0.011239653,0.689278421
2018/3/2,0,186,0.004240265,0.207987566
2018/3/2,1,186,0.001722383,0.024361725
2018/3/2,2,186,0.000471249,0.000786495
2018/3/2,3,186,0.000405302,0.001020784
2018/3/2,4,186,0.000616322,0.001326714
2018/3/2,5,186,0.000656338,0.013814688
2018/3/2,6,186,0.003290682,0.019818439
2018/3/2,7,186,0.01390214,0.040584393
2018/3/2,8,186,0.003472052,0.01656333
2018/3/2,9,186,0.001799946,0.008764544
2018/3/2,10,186,0.003475475,0.050017538
2018/3/2,11,186,0.002294407,0.051477518
2018/3/2,12,186,0.00258296,0.016741238
2018/3/2,13,186,0.002222528,0.006269674
2018/3/2,14,186,0.003522882,0.012309933
2018/3/2,15,186,0.021100855,0.011118689
2018/3/2,16,186,0.011130571,0.031366997
2018/3/2,17,186,0.007274418,0.042608776
2018/3/2,18,186,0.014853344,0.065224361
2018/3/2,19,186,0.008861647,0.051650553
2018/3/2,20,186,0.02787384,0.201690292
2018/3/2,21,186,0.041106281,0.138982821
2018/3/2,22,186,0.027919588,0.257907524
2018/3/2,23,186,0.018537016,0.872802687
2018/3/3,0,186,0.009874611,0.245761175
2018/3/3,1,186,0.003108301,0.02359931
2018/3/3,2,186,0.008454819,0.033422899
2018/3/3,3,186,0.000650835,0.000928822
2018/3/3,4,186,0.000862608,0.002484255
2018/3/3,5,186,0.003486366,0.007012806
2018/3/3,6,186,0.000752831,0.001523743
2018/3/3,7,186,0.002340918,0.033029985
2018/3/3,8,186,0.005717049,0.050349703
2018/3/3,9,186,0.006363373,0.034640369
2018/3/3,10,186,0.007183027,0.067495155
2018/3/3,11,186,0.005419416,0.032844057
2018/3/3,12,186,0.004329939,0.021725283
2018/3/3,13,186,0.003070469,0.018658915
2018/3/3,14,186,0.004042854,0.013035002
2018/3/3,15,186,0.00870719,0.048605671
2018/3/3,16,186,0.00473958,0.031377039
2018/3/3,17,186,0.010463753,0.108319244
2018/3/3,18,186,0.009780493,0.066819019
2018/3/3,19,186,0.020678654,0.113544874
2018/3/3,20,186,0.066435375,0.128865957
2018/3/3,21,186,0.030565605,0.205117245
2018/3/3,22,186,0.047248678,0.233317823
2018/3/3,23,186,0.019699755,0.326798382
2018/3/4,0,186,0.005067415,0.686821747
2018/3/4,1,186,0.003167105,0.412575645
2018/3/4,2,186,0.001408749,0.004242792
2018/3/4,3,186,0.001415939,0.012857676
2018/3/4,4,186,0.001480179,0.010726376
2018/3/4,5,186,0.002071362,0.004389696
2018/3/4,6,186,0.019616985,0.037659407
2018/3/4,7,186,0.010122137,0.084138069
2018/3/4,8,186,0.01835165,0.164882364
2018/3/4,9,186,0.009658098,0.109623022
2018/3/4,10,186,0.007619534,0.066639004
2018/3/4,11,186,0.004963074,0.029891768
2018/3/4,12,186,0.005447035,0.018303728
2018/3/4,13,186,0.008064737,0.051371126
2018/3/4,14,186,0.005299597,0.046834345
2018/3/4,15,186,0.004272337,0.027312107
2018/3/4,16,186,0.00460701,0.035104866
2018/3/4,17,186,0.008014059,0.043126383
2018/3/4,18,186,0.046689301,0.118131351
2018/3/4,19,186,0.050979624,0.157414713
2018/3/4,20,186,0.019965782,0.16388669
2018/3/4,21,186,0.02744278,0.14190465
2018/3/4,22,186,0.013074732,0.231783237
2018/3/4,23,186,0.01799448,0.443558083
2018/3/5,0,186,0.013241053,0.510113974
2018/3/5,1,186,0.003351297,0.006764822
2018/3/5,2,186,0.000813742,0.001557713
2018/3/5,3,186,0.002024279,0.117701664
2018/3/5,4,186,0.000886517,0.003924341
2018/3/5,5,186,0.000509892,0.000869923
2018/3/5,6,186,0.002893944,0.018208284
2018/3/5,7,186,0.003675146,0.02443408
2018/3/5,8,186,0.003107948,0.031727753
2018/3/5,9,186,0.001363554,0.007574158
2018/3/5,10,186,0.001774549,0.005292034
2018/3/5,11,186,0.0109408,1.001722507
2018/3/5,12,186,0.008277168,0.093275547
2018/3/5,13,186,0.005830088,0.035305805
2018/3/5,14,186,0.002182646,0.067828236
2018/3/5,15,186,0.002447205,0.015907164
2018/3/5,16,186,0.001302986,0.006899395
2018/3/5,17,186,0.006654844,0.012822542
2018/3/5,18,186,0.006906824,0.02000782
2018/3/5,19,186,0.007345057,0.052140598
2018/3/5,20,186,0.011857424,0.115120173
2018/3/5,21,186,0.036837187,0.322859221
2018/3/5,22,186,0.01805562,0.376343565
2018/3/5,23,186,0.011742105,0.333223305
2018/3/6,0,186,0.007995367,0.23204257
2018/3/6,1,186,0.000746851,0.001281538
2018/3/6,2,186,0.001936712,0.004261398
2018/3/6,3,186,0.000649815,0.001052847
2018/3/6,4,186,0.000959082,0.001829081
2018/3/6,5,186,0.000686655,0.001294069
2018/3/6,6,186,0.004228916,0.028654947
2018/3/6,7,186,0.005678492,0.048190145
2018/3/6,8,186,0.003465233,0.03745616
2018/3/6,9,186,0.006915684,0.142265415
2018/3/6,10,186,0.001497507,0.004969559
2018/3/6,11,186,0.001512251,0.00852706
2018/3/6,12,186,0.002279215,0.012377176
2018/3/6,13,186,0.05166894,0.05625927
2018/3/6,14,186,0.002352571,0.016932268
2018/3/6,15,186,0.017346582,0.171709442
2018/3/6,16,186,0.008243694,0.179382076
2018/3/6,17,186,0.030079317,0.17303442
2018/3/6,18,186,0.006145611,0.097964678
2018/3/6,19,186,0.016986179,0.510781288
2018/3/6,20,186,0.015266571,0.137428894
2018/3/6,21,186,0.018862638,0.270786371
2018/3/6,22,186,0.028473845,0.306308861
2018/3/6,23,186,0.015986652,0.242877579
2018/3/7,0,186,0.007573032,0.155135345
2018/3/7,1,186,0.001515512,0.035492296
2018/3/7,2,186,0.000240345,0.000538635
2018/3/7,3,186,0.000656519,0.000967941
2018/3/7,4,186,0.000587044,0.000892143
2018/3/7,5,186,0.000983801,0.002411995
2018/3/7,6,186,0.002190304,0.008963394
2018/3/7,7,186,0.003473663,0.018691225
2018/3/7,8,186,0.005821676,0.080109053
2018/3/7,9,186,0.003822975,0.046599007
2018/3/7,10,186,0.006699076,0.017319365
2018/3/7,11,186,0.001060066,0.004621181
2018/3/7,12,186,0.0038025,0.018536987
2018/3/7,13,186,0.006244917,0.02101162
2018/3/7,14,186,0.003767195,0.028700895
2018/3/7,15,186,0.013420315,1.012620506
2018/3/7,16,186,0.002919121,0.046667976
2018/3/7,17,186,0.003186092,0.018946362
2018/3/7,18,186,0.006797295,0.045503712
2018/3/7,19,186,0.009322863,0.053864155
2018/3/7,20,186,0.026072226,0.024775457
2018/3/7,21,186,0.023360395,0.101978798
2018/3/7,22,186,0.021182537,0.210913048
2018/3/7,23,186,0.010056229,0.736295834
2018/3/8,0,186,0.016051788,0.324682484
2018/3/8,1,186,0.004604492,0.220737896
2018/3/8,2,186,0.003758888,0.048407574
2018/3/8,3,186,0.00056283,0.000775824
2018/3/8,4,186,0.000404215,0.000792274
2018/3/8,5,186,0.000596952,0.000789452
2018/3/8,6,186,0.002483397,0.025758457
2018/3/8,7,186,0.072616549,0.099346209
2018/3/8,8,186,0.011202698,0.043300591
2018/3/8,9,186,0.002795534,0.019051695
2018/3/8,10,186,0.001711645,0.017583075
2018/3/8,11,186,0.002086811,0.012047739
2018/3/8,12,186,0.004139242,0.011718464
2018/3/8,13,186,0.006406574,0.052321148
2018/3/8,14,186,0.002297754,0.01631547
2018/3/8,15,186,0.001598568,0.139961853
2018/3/8,16,186,0.002002096,0.009845753
2018/3/8,17,186,0.003187799,0.012794218
2018/3/8,18,186,0.007799177,0.035480824
2018/3/8,19,186,0.009282274,0.297474241
2018/3/8,20,186,0.038469849,0.332573109
2018/3/8,21,186,0.011845264,0.230058565
2018/3/8,22,186,0.039876556,0.432852564
2018/3/8,23,186,0.032430201,0.343083439
2018/3/9,0,186,0.009652557,0.266619339
2018/3/9,1,186,0.003311634,0.016182299
2018/3/9,2,186,0.00077117,0.002570286
2018/3/9,3,186,0.000696468,0.001419888
2018/3/9,4,186,0.000655231,0.001246414
2018/3/9,5,186,0.000739889,0.001424065
2018/3/9,6,186,0.004346886,0.023535204
2018/3/9,7,186,0.002898855,0.018378115
2018/3/9,8,186,0.004326944,0.019746351
2018/3/9,9,186,0.003247814,0.032037354
2018/3/9,10,186,0.000662699,0.001482372
2018/3/9,11,186,0.004424124,0.026179018
2018/3/9,12,186,0.001861324,0.008480625
2018/3/9,13,186,0.000696154,0.002616911
2018/3/9,14,186,0.003432121,0.13434866
2018/3/9,15,186,0.007376547,0.314233694
2018/3/9,16,186,0.00134903,0.013744726
2018/3/9,17,186,0.001875305,0.004458103
2018/3/9,18,186,0.003785343,0.017783518
2018/3/9,19,186,0.011339722,0.094077663
2018/3/9,20,186,0.012374306,0.14136157
2018/3/9,21,186,0.011948767,0.143485155
2018/3/9,22,186,0.012762423,0.410993595
2018/3/9,23,186,0.013016691,0.249477034
2018/3/10,0,186,0.012404757,0.158119469
2018/3/10,1,186,0.008481846,0.286312895
2018/3/10,2,186,0.002398787,0.219559898
2018/3/10,3,186,0.000735826,0.001221504
2018/3/10,4,186,0.000684547,0.001278858
2018/3/10,5,186,0.001121244,0.003467932
2018/3/10,6,186,0.002472563,0.007155161
2018/3/10,7,186,0.006154051,0.037583218
2018/3/10,8,186,0.00521944,0.031982126
2018/3/10,9,186,0.010047159,0.080572863
2018/3/10,10,186,0.004920206,0.026567736
2018/3/10,11,186,0.009049721,0.073998146
2018/3/10,12,186,0.006119127,0.035536919
2018/3/10,13,186,0.008815765,0.140527163
2018/3/10,14,186,0.003052578,0.028619843
2018/3/10,15,186,0.003864126,0.109851608
2018/3/10,16,186,0.005204239,0.085337629
2018/3/10,17,186,0.009239788,0.135226927
2018/3/10,18,186,0.004570408,0.012349844
2018/3/10,19,186,0.007551727,0.016496964
2018/3/10,20,186,0.01327981,0.046839848
2018/3/10,21,186,0.027404613,0.231999197
2018/3/10,22,186,0.029104824,0.478503113
2018/3/10,23,186,0.032301207,0.564365444
2018/3/11,0,186,0.021562366,0.541626816
2018/3/11,1,186,0.017326298,0.736118755
2018/3/11,2,186,0.002625866,0.082144842
2018/3/11,3,186,0.002136755,0.028576641
2018/3/11,4,186,0.003960667,0.001695099
2018/3/11,5,186,0.000961142,0.001932859
2018/3/11,6,186,0.003082113,0.007741566
2018/3/11,7,186,0.005889692,0.020457191
2018/3/11,8,186,0.00985487,0.070103245
2018/3/11,9,186,0.009615021,0.15334837
2018/3/11,10,186,0.011343508,0.218631277
2018/3/11,11,186,0.008577824,0.141366272
2018/3/11,12,186,0.016893225,0.126435003
2018/3/11,13,186,0.022599173,0.171405439
2018/3/11,14,186,0.023611631,0.359411755
2018/3/11,15,186,0.031735468,0.268109722
2018/3/11,16,186,0.021222582,0.057229471
2018/3/11,17,186,0.01476634,0.189182882
2018/3/11,18,186,0.011321049,0.098049688
2018/3/11,19,186,0.015899658,0.232140665
2018/3/11,20,186,0.053997078,0.440697451
2018/3/11,21,186,0.057090549,0.371465559
2018/3/11,22,186,0.147057762,0.674718723
2018/3/11,23,186,0.042197332,0.507062416
2018/3/12,0,186,0.017269459,0.336666765
2018/3/12,1,186,0.008282709,0.096053944
2018/3/12,2,186,0.002031612,0.00707386
2018/3/12,3,186,0.000911083,0.005472765
2018/3/12,4,186,0.000659981,0.001028233
2018/3/12,5,186,0.002156973,0.009047842
2018/3/12,6,186,0.004735613,0.035889206
2018/3/12,7,186,0.007532673,0.072012215
2018/3/12,8,186,0.006684227,0.05395566
2018/3/12,9,186,0.006083326,0.032688541
2018/3/12,10,186,0.018041811,0.166663923
2018/3/12,11,186,0.014787979,0.320714149
2018/3/12,12,186,0.011447821,0.254664841
2018/3/12,13,186,0.010772705,0.175235624
2018/3/12,14,186,0.031110249,0.119438982
2018/3/12,15,186,0.018378515,0.265127754
2018/3/12,16,186,0.013119001,0.258584595
2018/3/12,17,186,0.047570305,0.386507502
2018/3/12,18,186,0.019023085,0.208569708
2018/3/12,19,186,0.03051363,0.353419352
2018/3/12,20,186,0.159267025,0.53886034
2018/3/12,21,186,0.240052404,0.439035683
2018/3/12,22,186,0.090154104,0.210536318
2018/3/12,23,186,0.009784145,0.243589411
2018/3/13,0,186,0.01969245,0.375380268
2018/3/13,1,186,0.01276226,0.465299559
2018/3/13,2,186,0.001518784,0.044089289
2018/3/13,3,186,0.001567526,0.029158907
2018/3/13,4,186,0.002386885,0.032797499
2018/3/13,5,186,0.003469696,0.138563929
2018/3/13,6,186,0.003042736,0.034405651
2018/3/13,7,186,0.008249683,0.048129654
2018/3/13,8,186,0.00509943,0.100491514
2018/3/13,9,186,0.004947624,0.119438791
2018/3/13,10,186,0.004223251,0.037974234
2018/3/13,11,186,0.005079231,0.11768486
2018/3/13,12,186,0.047858191,0.041388235
2018/3/13,13,186,0.006791592,0.029778175
2018/3/13,14,186,0.010678129,0.042890835
2018/3/13,15,186,0.011065731,0.184361992
2018/3/13,16,186,0.013464966,0.251610718
2018/3/13,17,186,0.008659945,0.151641836
2018/3/13,18,186,0.011172581,0.062374115
2018/3/13,19,186,0.057726288,0.093385744
2018/3/13,20,186,0.008933039,0.076494608
2018/3/13,21,186,0.060610065,0.118621359
2018/3/13,22,186,0.051373425,0.626546326
2018/3/13,23,186,0.021381741,0.350350552
2018/3/14,0,186,0.014896488,0.364616299
2018/3/14,1,186,0.001387777,0.054104328
2018/3/14,2,186,0.000809793,0.001496868
2018/3/14,3,186,0.001053419,0.001660242
2018/3/14,4,186,0.002069502,0.043447151
2018/3/14,5,186,0.00174119,0.014635849
2018/3/14,6,186,0.003487883,0.010550308
2018/3/14,7,186,0.005898104,0.045217152
2018/3/14,8,186,0.006057138,0.036479378
2018/3/14,9,186,0.002856255,0.018106546
2018/3/14,10,186,0.001848164,0.005870733
2018/3/14,11,186,0.010142212,0.016786156
2018/3/14,12,186,0.004129858,0.03121377
2018/3/14,13,186,0.02118371,0.117092857
2018/3/14,14,186,0.054316645,0.129262037
2018/3/14,15,186,0.008297691,0.046177254
2018/3/14,16,186,0.01598856,0.110261908
2018/3/14,17,186,0.013943672,0.114736862
2018/3/14,18,186,0.012740965,0.044150591
2018/3/14,19,186,0.029849415,0.12262188
2018/3/14,20,186,0.018670435,0.097726755
2018/3/14,21,186,0.066432619,0.185247307
2018/3/14,22,186,0.069570169,0.338970261
2018/3/14,23,186,0.014032907,0.274863167
2018/3/15,0,186,0.065686398,0.176478653
2018/3/15,1,186,0.007242241,0.030025339
2018/3/15,2,186,0.00165247,0.015302258
2018/3/15,3,186,0.001567583,0.002535086
2018/3/15,4,186,0.001619377,0.005443945
2018/3/15,5,186,0.001337814,0.004941006
2018/3/15,6,186,0.009241781,0.277262192
2018/3/15,7,186,0.006453352,0.053606396
2018/3/15,8,186,0.004357643,0.034408226
2018/3/15,9,186,0.008363523,0.023177214
2018/3/15,10,186,0.012135582,0.030828972
2018/3/15,11,186,0.030426826,0.056155977
2018/3/15,12,186,0.026651888,0.038915281
2018/3/15,13,186,0.002159462,0.02277441
2018/3/15,14,186,0.002862768,0.020555754
2018/3/15,15,186,0.006773415,0.117779589
2018/3/15,16,186,0.003158655,0.017837505
2018/3/15,17,186,0.007942162,0.379623852
2018/3/15,18,186,0.006655874,0.066120567
2018/3/15,19,186,0.019824457,0.119311047
2018/3/15,20,186,0.046580229,0.097568111
2018/3/15,21,186,0.012577686,0.118676195
2018/3/15,22,186,0.018422375,0.111085901
2018/3/15,23,186,0.018549585,0.301411877
2018/3/16,0,186,0.011470594,0.147137957
2018/3/16,1,186,0.004787197,0.032669334
2018/3/16,2,186,0.004029379,0.153594427
2018/3/16,3,186,0.001762686,0.007143497
2018/3/16,4,186,0.001979494,0.007976103
2018/3/16,5,186,0.001691971,0.003326921
2018/3/16,6,186,0.003515301,0.052604151
2018/3/16,7,186,0.005498714,0.044591398
2018/3/16,8,186,0.003330832,0.016682205
2018/3/16,9,186,0.001476555,0.004710789
2018/3/16,10,186,0.003012352,0.009255533
2018/3/16,11,186,0.002906513,0.009958858
2018/3/16,12,186,0.002889957,0.004477959
2018/3/16,13,186,0.004218082,0.105732994
2018/3/16,14,186,0.007997551,0.031466665
2018/3/16,15,186,0.097613611,0.074825659
2018/3/16,16,186,0.022707977,0.067163305
2018/3/16,17,186,0.010116549,0.043039417
2018/3/16,18,186,0.00503006,0.016523342
2018/3/16,19,186,0.007430344,0.033337755
2018/3/16,20,186,0.013367529,0.232486372
2018/3/16,21,186,0.023915701,0.262052393
2018/3/16,22,186,0.022341003,0.635419302
2018/3/16,23,186,0.006411037,0.035948753
2018/3/17,0,186,0.029096327,0.211140137
2018/3/17,1,186,0.002547207,0.035764074
2018/3/17,2,186,0.001052952,0.003124666
2018/3/17,3,186,0.000824261,0.002959633
2018/3/17,4,186,0.000920553,0.002647877
2018/3/17,5,186,0.000982437,0.002923822
2018/3/17,6,186,0.003494682,0.028700371
2018/3/17,7,186,0.005837679,0.032780275
2018/3/17,8,186,0.00859973,0.232412529
2018/3/17,9,186,0.017408943,0.068820992
2018/3/17,10,186,0.014484043,0.069404621
2018/3/17,11,186,0.022421074,0.057372866
2018/3/17,12,186,0.00912673,0.063431635
2018/3/17,13,186,0.006720352,0.074074984
2018/3/17,14,186,0.004310741,0.069030027
2018/3/17,15,186,0.005940008,0.029926062
2018/3/17,16,186,0.009693594,0.080670843
2018/3/17,17,186,0.007712746,0.067111483
2018/3/17,18,186,0.014976244,0.0789007
2018/3/17,19,186,0.02023304,0.09626421
2018/3/17,20,186,0.038110733,0.072171707
2018/3/17,21,186,0.033354149,0.240412674
2018/3/17,22,186,0.038636379,0.298186007
2018/3/17,23,186,0.025314121,0.663499022
2018/3/18,0,186,0.010295029,0.268720398
2018/3/18,1,186,0.001370211,0.003623543
2018/3/18,2,186,0.000963631,0.001296139
2018/3/18,3,186,0.001295004,0.025453615
2018/3/18,4,186,0.000842371,0.00227788
2018/3/18,5,186,0.002600603,0.022510061
2018/3/18,6,186,0.002316418,0.016132383
2018/3/18,7,186,0.006138668,0.038495979
2018/3/18,8,186,0.007857876,0.052074232
2018/3/18,9,186,0.032010794,0.231375771
2018/3/18,10,186,0.013885441,0.044172525
2018/3/18,11,186,0.007040882,0.02559207
2018/3/18,12,186,0.0043501,0.033238602
2018/3/18,13,186,0.024750271,0.036976814
2018/3/18,14,186,0.029970942,0.124611712
2018/3/18,15,186,0.009664145,0.18471405
2018/3/18,16,186,0.011195583,0.089694099
2018/3/18,17,186,0.050912933,0.131921101
2018/3/18,18,186,0.030987692,0.419900541
2018/3/18,19,186,0.024179077,0.210791521
2018/3/18,20,186,0.011235476,0.06160862
2018/3/18,21,186,0.023860893,0.288312263
2018/3/18,22,186,0.054000463,0.951545572
2018/3/18,23,186,0.06264863,0.969923677
2018/3/19,0,186,0.017524405,0.616425991
2018/3/19,1,186,0.00663578,0.025595932
2018/3/19,2,186,0.008942728,0.050052099
2018/3/19,3,186,0.002763834,0.004545774
2018/3/19,4,186,0.00247283,0.004818897
2018/3/19,5,186,0.002279825,0.004770536
2018/3/19,6,186,0.007489166,0.066206293
2018/3/19,7,186,0.026801958,0.054273424
2018/3/19,8,186,0.004168949,0.014365168
2018/3/19,9,186,0.007615042,0.044186783
2018/3/19,10,186,0.034431925,0.058953514
2018/3/19,11,186,0.011024885,0.047265778
2018/3/19,12,186,0.002355661,0.017325811
2018/3/19,13,186,0.006381083,0.020007963
2018/3/19,14,186,0.013582993,0.079281998
2018/3/19,15,186,0.020564871,0.0866994
2018/3/19,16,186,0.003950624,0.032617283
2018/3/19,17,186,0.008421822,0.057881927
2018/3/19,18,186,0.013172865,0.152722244
2018/3/19,19,186,0.022937679,0.18143631
2018/3/19,20,186,0.018467131,0.16053525
2018/3/19,21,186,0.035041361,0.804614334
2018/3/19,22,186,0.092945242,0.501546679
2018/3/19,23,186,0.0161341,0.101519089
2018/3/20,0,186,0.013091345,0.10656518
2018/3/20,1,186,0.004357929,0.044006891
2018/3/20,2,186,0.001506252,0.002718697
2018/3/20,3,186,0.001630535,0.004545813
2018/3/20,4,186,0.00184062,0.004093046
2018/3/20,5,186,0.00239336,0.032252598
2018/3/20,6,186,0.00480628,0.083794241
2018/3/20,7,186,0.028699141,0.145642776
2018/3/20,8,186,0.01029809,0.05052762
2018/3/20,9,186,0.008308859,0.033299198
2018/3/20,10,186,0.00485898,0.014466801
2018/3/20,11,186,0.001461926,0.011778297
2018/3/20,12,186,0.002651663,0.016702805
2018/3/20,13,186,0.014441481,0.038350115
2018/3/20,14,186,0.006480007,0.044409666
2018/3/20,15,186,0.006497231,0.047029324
2018/3/20,16,186,0.005553112,0.038860893
2018/3/20,17,186,0.004727488,0.043269281
2018/3/20,18,186,0.011951618,0.096588087
2018/3/20,19,186,0.009723864,0.043803139
2018/3/20,20,186,0.019020147,0.052907925
2018/3/20,21,186,0.021679201,0.391666842
2018/3/20,22,186,0.143273487,0.753403368
2018/3/20,23,186,0.081615219,0.963630638
2018/3/21,0,186,0.008911047,0.113153372
2018/3/21,1,186,0.002405634,0.029908495
2018/3/21,2,186,0.001651545,0.004733362
2018/3/21,3,186,0.001603212,0.003899879
2018/3/21,4,186,0.001475563,0.002512865
2018/3/21,5,186,0.001879635,0.0041922
2018/3/21,6,186,0.029299097,0.031447926
2018/3/21,7,186,0.097984982,0.112319374
2018/3/21,8,186,0.02227726,0.066060619
2018/3/21,9,186,0.009417391,0.12370204
2018/3/21,10,186,0.00881917,0.142708664
2018/3/21,11,186,0.01162241,0.033470316
2018/3/21,12,186,0.004809303,0.034021168
2018/3/21,13,186,0.005713024,0.019948769
2018/3/21,14,186,0.031697454,0.028340473
2018/3/21,15,186,0.001642075,0.010643358
2018/3/21,16,186,0.006186609,0.096029558
2018/3/21,17,186,0.009054451,0.155197744
2018/3/21,18,186,0.009583244,0.0441961
2018/3/21,19,186,0.017044458,0.063531513
2018/3/21,20,186,0.022170677,0.221158638
2018/3/21,21,186,0.031795683,0.329905901
2018/3/21,22,186,0.026707077,0.442344103
2018/3/21,23,186,0.02423831,0.114937668
2018/3/22,0,186,0.015621033,0.312426634
2018/3/22,1,186,0.008864765,0.31466608
2018/3/22,2,186,0.008943768,0.050123711
2018/3/22,3,186,0.002936993,0.013523846
2018/3/22,4,186,0.003018303,0.013130035
2018/3/22,5,186,0.007198305,0.039268293
2018/3/22,6,186,0.0050634,0.029808331
2018/3/22,7,186,0.008117962,0.053183022
2018/3/22,8,186,0.00695385,0.043874264
2018/3/22,9,186,0.003709688,0.032535467
2018/3/22,10,186,0.015568867,0.041706715
2018/3/22,11,186,0.006773176,0.020232849
2018/3/22,12,186,0.008973961,0.091012259
2018/3/22,13,186,0.00815855,0.066066837
2018/3/22,14,186,0.027990637,0.483529844
2018/3/22,15,186,0.016017351,0.105250521
2018/3/22,16,186,0.021015034,0.131920099
2018/3/22,17,186,0.01832592,0.090273027
2018/3/22,18,186,0.051614847,0.135194817
2018/3/22,19,186,0.018761873,0.221173477
2018/3/22,20,186,0.051935444,0.198455448
2018/3/22,21,186,0.041625729,0.319721794
2018/3/22,22,186,0.070036478,0.453815165
2018/3/22,23,186,0.034780121,0.227141428
2018/3/23,0,186,0.023265133,0.212124949
2018/3/23,1,186,0.009674044,0.057028131
2018/3/23,2,186,0.003249855,0.010017891
2018/3/23,3,186,0.002702475,0.01240633
2018/3/23,4,186,0.003108835,0.01024601
2018/3/23,5,186,0.003919878,0.048129835
2018/3/23,6,186,0.005820246,0.038245392
2018/3/23,7,186,0.011795168,0.047120972
2018/3/23,8,186,0.004696321,0.042322264
2018/3/23,9,186,0.006096497,0.085788193
2018/3/23,10,186,0.002047701,0.009565363
2018/3/23,11,186,0.00353199,0.018013334
2018/3/23,12,186,0.006038437,0.016596575
2018/3/23,13,186,0.003217802,0.030022812
2018/3/23,14,186,0.001202354,0.002414913
2018/3/23,15,186,0.011395035,0.089300127
2018/3/23,16,186,0.00619463,0.056881981
2018/3/23,17,186,0.004389811,0.028729458
2018/3/23,18,186,0.004942465,0.018869638
2018/3/23,19,186,0.03991643,0.104007721
2018/3/23,20,186,0.020219803,0.076668463
2018/3/23,21,186,0.023317175,0.297856712
2018/3/23,22,186,0.018616295,0.202470036
2018/3/23,23,186,0.086731586,0.634185972
2018/3/24,0,186,0.031092176,0.776919222
2018/3/24,1,186,0.004073086,0.043109798
2018/3/24,2,186,0.004313974,0.04493578
2018/3/24,3,186,0.00154953,0.004404716
2018/3/24,4,186,0.001840744,0.005358896
2018/3/24,5,186,0.004388447,0.018353205
2018/3/24,6,186,0.004584055,0.041503038
2018/3/24,7,186,0.009266882,0.132264223
2018/3/24,8,186,0.012979794,0.199981251
2018/3/24,9,186,0.011700306,0.01376812
2018/3/24,10,186,0.030326138,0.058597889
2018/3/24,11,186,0.003674555,0.012180767
2018/3/24,12,186,0.003192625,0.008621559
2018/3/24,13,186,0.002877264,0.022481394
2018/3/24,14,186,0.001804399,0.016109943
2018/3/24,15,186,0.007480135,0.113226986
2018/3/24,16,186,0.00627079,0.054044876
2018/3/24,17,186,0.009299564,0.097989502
2018/3/24,18,186,0.005495176,0.023219242
2018/3/24,19,186,0.006281309,0.03240881
2018/3/24,20,186,0.051878481,0.103331747
2018/3/24,21,186,0.042532654,0.212640648
2018/3/24,22,186,0.14137948,0.367674198
2018/3/24,23,186,0.07492835,0.277831907
2018/3/25,0,186,0.01302021,0.390568485
2018/3/25,1,186,0.004134607,0.140091763
2018/3/25,2,186,0.019216633,0.212961206
2018/3/25,3,186,0.011948338,0.134802532
2018/3/25,4,186,0.008063173,0.11125802
2018/3/25,5,186,0.016645279,0.169439678
2018/3/25,6,186,0.020925674,0.116902494
2018/3/25,7,186,0.018883057,0.111742496
2018/3/25,8,186,0.051432076,0.509498644
2018/3/25,9,186,0.040267773,0.669596491
2018/3/25,10,186,0.015504303,0.11440443
2018/3/25,11,186,0.019624815,0.165277529
2018/3/25,12,186,0.018393497,0.133896284
2018/3/25,13,186,0.019941092,0.084124041
2018/3/25,14,186,0.010316563,0.101212025
2018/3/25,15,186,0.006155291,0.012738056
2018/3/25,16,186,0.004181128,0.022203331
2018/3/25,17,186,0.023000212,0.047080088
2018/3/25,18,186,0.020538464,0.136826334
2018/3/25,19,186,0.029612007,0.171556206
2018/3/25,20,186,0.027591181,0.260982676
2018/3/25,21,186,0.063094873,0.19664958
2018/3/25,22,186,0.038258963,0.581054344
2018/3/25,23,186,0.052038088,0.29214571
2018/3/26,0,186,0.020957937,0.195922823
2018/3/26,1,186,0.006359301,0.118083849
2018/3/26,2,186,0.000606365,0.000945311
2018/3/26,3,186,0.000714598,0.001240025
2018/3/26,4,186,0.000935593,0.003625612
2018/3/26,5,186,0.00212677,0.030060186
2018/3/26,6,186,0.003466587,0.022636223
2018/3/26,7,186,0.006476927,0.056144123
2018/3/26,8,186,0.00400178,0.025346422
2018/3/26,9,186,0.006605721,0.083094959
2018/3/26,10,186,0.011624966,0.320265522
2018/3/26,11,186,0.01189497,0.041013012
2018/3/26,12,186,0.020061808,0.025156012
2018/3/26,13,186,0.001095667,0.004699965
2018/3/26,14,186,0.002182283,0.017963181
2018/3/26,15,186,0.019017916,0.044437628
2018/3/26,16,186,0.00265811,0.026182985
2018/3/26,17,186,0.005581188,0.007877188
2018/3/26,18,186,0.005868483,0.045422945
2018/3/26,19,186,0.056564684,0.088368092
2018/3/26,20,186,0.058200207,0.105777674
2018/3/26,21,186,0.094108009,0.217195215
2018/3/26,22,186,0.11470377,0.699566402
2018/3/26,23,186,0.025376644,0.391778612
2018/3/27,0,186,0.010389137,0.059299994
2018/3/27,1,186,0.001870461,0.009287815
2018/3/27,2,186,0.00203557,0.022108097
2018/3/27,3,186,0.00465107,0.057690907
2018/3/27,4,186,0.001915054,0.006061707
2018/3/27,5,186,0.003960762,0.011849432
2018/3/27,6,186,0.005561695,0.031748123
2018/3/27,7,186,0.013360538,0.928310442
2018/3/27,8,186,0.012514133,0.894050283
2018/3/27,9,186,0.003812943,0.033412304
2018/3/27,10,186,0.010249109,0.053849363
2018/3/27,18,186,0.007600412,0.031567879
2018/3/27,19,186,0.016338549,0.116462269
2018/3/27,20,186,0.08278532,0.141611605
2018/3/27,21,186,0.18718257,0.54155695
2018/3/27,22,186,0.027476091,0.208411798
2018/3/27,23,186,0.005588942,0.031544809
2018/3/28,0,186,0.004934855,0.031113634
2018/3/28,1,186,0.003473682,0.017429371
2018/3/28,2,186,0.001767969,0.013847971
2018/3/28,3,186,0.001767187,0.00584589
2018/3/28,4,186,0.001068707,0.001837091
2018/3/28,5,186,0.001020737,0.002326784
2018/3/28,6,186,0.004179306,0.029449329
2018/3/28,7,186,0.008516169,0.072537556
2018/3/28,8,186,0.006571741,0.218208618
2018/3/28,9,186,0.00202446,0.006508169
2018/3/28,10,186,0.004065752,0.027685471
2018/3/28,11,186,0.003738241,0.038800068
2018/3/28,12,186,0.033959923,0.019434643
2018/3/28,13,186,0.028066149,0.082234497
2018/3/28,14,186,0.007813253,0.101975393
2018/3/28,15,186,0.022442513,0.337134733
2018/3/28,16,186,0.015189133,0.557893858
2018/3/28,17,186,0.01028595,0.814712887
2018/3/28,18,186,0.014038687,0.532449589
2018/3/28,19,186,0.067175188,0.590140476
2018/3/28,20,186,0.04705925,0.468558207
2018/3/28,21,186,0.177086134,0.71245472
2018/3/28,22,186,0.100813026,1.1248948
2018/3/28,23,186,0.033062372,0.741456356
2018/3/29,0,186,0.017983789,0.729884119
2018/3/29,1,186,0.007454958,0.521027527
2018/3/29,2,186,0.006320391,0.460433092
2018/3/29,3,186,0.004109945,0.1269384
2018/3/29,4,186,0.000993719,0.009000998
2018/3/29,5,186,0.001595335,0.007905149
2018/3/29,6,186,0.010090752,0.090574293
2018/3/29,7,186,0.009714403,0.057417126
2018/3/29,8,186,0.00373991,0.026773977
2018/3/29,9,186,0.002052288,0.012955465
2018/3/29,10,186,0.012352705,0.059001236
2018/3/29,11,186,0.006930323,0.06677413
2018/3/29,12,186,0.003685913,0.014490013
2018/3/29,13,186,0.003078547,0.056498442
2018/3/29,14,186,0.005960665,0.186770954
2018/3/29,15,186,0.003156719,0.037147474
2018/3/29,16,186,0.003671341,0.039156675
2018/3/29,17,186,0.00663743,0.039924517
2018/3/29,18,186,0.018300238,0.308690281
2018/3/29,19,186,0.010096474,0.12748992
2018/3/29,20,186,0.034029465,0.768845015
2018/3/29,21,186,0.067074556,0.676415339
2018/3/29,22,186,0.037062969,1.146010885
2018/3/29,23,186,0.037962646,1.048562145
2018/3/30,0,186,0.019325161,0.975781775
2018/3/30,1,186,0.011261625,0.174387808
2018/3/30,2,186,0.00472497,0.013194036
2018/3/30,3,186,0.00066741,0.001164188
2018/3/30,4,186,0.000738068,0.002150984
2018/3/30,5,186,0.001737432,0.020549898
2018/3/30,6,186,0.004812746,0.073990545
2018/3/30,7,186,0.005960236,0.043746634
2018/3/30,8,186,0.007667856,0.051422873
2018/3/30,9,186,0.008395433,0.050297737
2018/3/30,10,186,0.004377766,0.021652985
2018/3/30,11,186,0.002745113,0.010125513
2018/3/30,12,186,0.005588112,0.040561743
2018/3/30,13,186,0.003857327,0.040841675
2018/3/30,14,186,0.010451498,0.226429815
2018/3/30,15,186,0.023857565,0.430413647
2018/3/30,16,186,0.011826525,0.219741554
2018/3/30,17,186,0.006432486,0.030089302
2018/3/30,18,186,0.003994827,0.0186658
2018/3/30,19,186,0.006397324,0.080357285
2018/3/30,20,186,0.014100628,0.30658186
2018/3/30,21,186,0.014607115,0.197851315
2018/3/30,22,186,0.044546165,0.653926172
2018/3/30,23,186,0.034639492,0.408323889
2018/3/31,0,186,0.019785843,0.301558981
2018/3/31,1,186,0.008645096,0.230543976
2018/3/31,2,186,0.011303396,0.127479334
2018/3/31,3,186,0.00612298,0.034019079
2018/3/31,4,186,0.002588501,0.015513773
2018/3/31,5,186,0.001958389,0.009670963
2018/3/31,6,186,0.004862652,0.120364494
2018/3/31,7,186,0.007998953,0.035161543
2018/3/31,8,186,0.007824564,0.121701975
2018/3/31,9,186,0.009521856,0.036611338
2018/3/31,10,186,0.01730505,0.116892214
2018/3/31,11,186,0.019150791,0.106686392
2018/3/31,12,186,0.008428345,0.048975868
2018/3/31,13,186,0.013946228,0.051561413
2018/3/31,14,186,0.008867702,0.022238359
2018/3/31,15,186,0.009312553,0.080588245
2018/3/31,16,186,0.006648645,0.038406734
2018/3/31,17,186,0.010292559,0.074942408
2018/3/31,18,186,0.053743896,0.068211832
2018/3/31,19,186,0.023233309,0.027386074
2018/3/31,20,186,0.010914555,0.206880655
2018/3/31,21,186,0.0902314,0.240088921
2018/3/31,22,186,0.068221226,0.888566847
2018/3/31,23,186,0.027173815,0.813009329
018-04-01,0,186,0.057449322,0.796544704
018-04-01,1,186,0.011790075,0.313208084
018-04-01,2,186,0.004161682,0.103849449
018-04-01,3,186,0.001041651,0.002995777
018-04-01,4,186,0.000589695,0.00101903
018-04-01,5,186,0.001019058,0.002660847
018-04-01,6,186,0.001627874,0.005055599
018-04-01,7,186,0.004848003,0.021134481
018-04-01,8,186,0.009139872,0.129260054
018-04-01,9,186,0.007095919,0.038409929
018-04-01,10,186,0.018028345,0.160835953
018-04-01,11,186,0.106953249,0.223028498
018-04-01,12,186,0.378114672,0.193403587
018-04-01,13,186,0.050468111,0.093871984
018-04-01,14,186,0.01365716,0.229529219
018-04-01,15,186,0.009939747,0.286147556
018-04-01,16,186,0.004998274,0.030265322
018-04-01,17,186,0.007187338,0.061881113
018-04-01,18,186,0.006994219,0.157550945
018-04-01,19,186,0.010702648,0.109369478
018-04-01,20,186,0.014415588,0.104303436
018-04-01,21,186,0.169614182,0.366454048
018-04-01,22,186,0.077572956,0.270576696
018-04-01,23,186,0.02399663,0.134375963
018-04-02,0,186,0.013985357,0.35084794
018-04-02,1,186,0.008261032,0.098959589
018-04-02,2,186,0.00248848,0.003932219
018-04-02,3,186,0.001115351,0.002026148
018-04-02,4,186,0.000848169,0.001286983
018-04-02,5,186,0.001595373,0.004915667
018-04-02,6,186,0.002780504,0.009987793
018-04-02,7,186,0.008959742,0.076577997
018-04-02,8,186,0.005347633,0.033860941
018-04-02,9,186,0.011424475,0.056260405
018-04-02,10,186,0.003322725,0.011033201
018-04-02,11,186,0.003534241,0.060771837
018-04-02,12,186,0.001792927,0.070310135
018-04-02,13,186,0.003230133,0.007651224
018-04-02,14,186,0.002256231,0.019835901
018-04-02,15,186,0.001415358,0.013779602
018-04-02,16,186,0.017843504,0.088648872
018-04-02,17,186,0.006883879,0.124141216
018-04-02,18,186,0.00906085,0.079323378
018-04-02,19,186,0.010798311,0.048121405
018-04-02,20,186,0.011646805,0.040785847
018-04-02,21,186,0.024041681,0.078296766
018-04-02,22,186,0.0185604,0.313818283
018-04-02,23,186,0.013855696,0.436730061
018-04-03,0,186,0.004931335,0.143457041
018-04-03,1,186,0.01486762,0.66310955
018-04-03,2,186,0.00580698,0.072000198
018-04-03,3,186,0.003999443,0.026742306
018-04-03,4,186,0.004147978,0.032233162
018-04-03,5,186,0.009662638,0.033138371
018-04-03,6,186,0.003530426,0.028753967
018-04-03,7,186,0.065497532,0.072844334
018-04-03,8,186,0.006496983,0.062670784
018-04-03,9,186,0.002405987,0.010548544
018-04-03,10,186,0.002943668,0.026121883
018-04-03,11,186,0.000889702,0.003815908
018-04-03,12,186,0.000716276,0.001112661
018-04-03,13,186,0.000969591,0.004156647
018-04-03,14,186,0.007157373,0.127096291
018-04-03,15,186,0.012256203,0.154462748
018-04-03,16,186,0.009404984,0.029147196
018-04-03,17,186,0.007020493,0.094686241
018-04-03,18,186,0.00625001,0.015879984
018-04-03,19,186,0.019055414,0.174432096
018-04-03,20,186,0.039504185,0.279246426
018-04-03,21,186,0.098710194,0.35963089
018-04-03,22,186,0.080851593,0.316710978
018-04-03,23,186,0.039275742,0.586933126
018-04-04,0,186,0.019751282,0.4095261
018-04-04,1,186,0.023536167,0.661950655
018-04-04,2,186,0.006289415,0.154402342
018-04-04,3,186,0.001348381,0.002412567
018-04-04,4,186,0.001185904,0.023235331
018-04-04,5,186,0.001044397,0.002683277
018-04-04,6,186,0.004066515,0.034976969
018-04-04,7,186,0.007357187,0.257804213
018-04-04,8,186,0.006263971,0.046949244
018-04-04,9,186,0.001998692,0.010711069
018-04-04,10,186,0.002940731,0.007095594
018-04-04,11,186,0.000604105,0.001605921
018-04-04,12,186,0.001462975,0.00282896
018-04-04,13,186,0.000635576,0.001688309
018-04-04,14,186,0.003089981,0.069761248
018-04-04,15,186,0.004313793,0.187946806
018-04-04,16,186,0.007367697,0.026963673
018-04-04,17,186,0.004308367,0.020412655
018-04-04,18,186,0.006743736,0.051949034
018-04-04,19,186,0.013588686,0.042576151
018-04-04,20,186,0.01075139,0.149186306
018-04-04,21,186,0.044077415,0.281825933
018-04-04,22,186,0.040250807,0.586437311
018-04-04,23,186,0.016878357,0.22264451
2018/4/5,0,186,0.010151606,0.124333315
2018/4/5,1,186,0.008289356,0.096693716
2018/4/5,2,186,0.00579915,0.076826391
2018/4/5,3,186,0.003988895,0.052212133
2018/4/5,4,186,0.004399366,0.026667109
2018/4/5,5,186,0.001643019,0.005773487
2018/4/5,6,186,0.001482,0.008050776
2018/4/5,7,186,0.004087191,0.050873327
2018/4/5,8,186,0.00999527,0.073617353
2018/4/5,9,186,0.008428431,0.076147661
2018/4/5,10,186,0.009650564,0.088427572
2018/4/5,11,186,0.011901398,0.18036315
2018/4/5,12,186,0.022667933,0.251184702
2018/4/5,13,186,0.054575558,2.784744501
2018/4/5,14,186,0.009238195,0.160653772
2018/4/5,15,186,0.013774395,0.198341169
2018/4/5,16,186,0.01053688,0.243894739
2018/4/5,17,186,0.01723608,0.048649969
2018/4/5,18,186,0.008531084,0.040622234
2018/4/5,19,186,0.024962664,0.40250803
2018/4/5,20,186,0.027266121,0.840828476
2018/4/5,21,186,0.062212296,0.860353842
2018/4/5,22,186,0.029994516,0.313141661
2018/4/5,23,186,0.013131733,0.215195112
2018/4/6,0,186,0.025507307,0.165969048
2018/4/6,1,186,0.012917414,0.028105469
2018/4/6,2,186,0.006602144,0.020477695
2018/4/6,3,186,0.008446426,0.015352974
2018/4/6,4,186,0.002898254,0.00551425
2018/4/6,5,186,0.001329889,0.002735996
2018/4/6,6,186,0.002892733,0.011081314
2018/4/6,7,186,0.003493261,0.023827171
2018/4/6,8,186,0.005627775,0.049257183
2018/4/6,9,186,0.006304712,0.041141672
2018/4/6,10,186,0.025546074,0.070776873
2018/4/6,11,186,0.022503901,0.20478426
2018/4/6,12,186,0.007635031,0.062749214
2018/4/6,13,186,0.008680115,0.095568686
2018/4/6,14,186,0.011348391,0.084919453
2018/4/6,15,186,0.03010088,0.065721073
2018/4/6,16,186,0.036768341,0.063544254
2018/4/6,17,186,0.023944359,0.070423336
2018/4/6,18,186,0.014424801,0.09259799
2018/4/6,19,186,0.010826283,0.191285639
2018/4/6,20,186,0.022551308,0.198839235
2018/4/6,21,186,0.025444126,0.157706099
2018/4/6,22,186,0.033801107,0.218084612
2018/4/6,23,186,0.023854389,0.252117615
2018/4/7,0,186,0.013796539,0.114054003
2018/4/7,1,186,0.013436594,0.536979475
2018/4/7,2,186,0.013793755,0.83357522
2018/4/7,3,186,0.004390774,0.045073814
2018/4/7,4,186,0.001155567,0.001774807
2018/4/7,5,186,0.001250381,0.002031584
2018/4/7,6,186,0.004298782,0.029313841
2018/4/7,7,186,0.003964348,0.036665745
2018/4/7,8,186,0.008041029,0.152925081
2018/4/7,9,186,0.005271235,0.036462679
2018/4/7,10,186,0.002612305,0.00721736
2018/4/7,11,186,0.002551966,0.009336033
2018/4/7,12,186,0.008288536,0.031592598
2018/4/7,13,186,0.006088219,0.022166395
2018/4/7,14,186,0.00562254,0.042117271
2018/4/7,15,186,0.020283623,0.093663979
2018/4/7,16,186,0.009652882,0.138601599
2018/4/7,17,186,0.003829241,0.033007193
2018/4/7,18,186,0.012388573,0.050972004
2018/4/7,19,186,0.007460032,0.030020752
2018/4/7,20,186,0.014069052,0.095987015
2018/4/7,21,186,0.027849665,0.20475709
2018/4/7,22,186,0.074860315,0.216150551
2018/4/7,23,186,0.00994462,0.042542887
018-04-08,0,186,0.012468719,0.203354025
018-04-08,1,186,0.02151762,0.015953646
018-04-08,2,186,0.015938301,0.016296778
018-04-08,3,186,0.015059834,0.020128717
018-04-08,4,186,0.024684858,0.011810389
018-04-08,5,186,0.002854958,0.003115854
018-04-08,6,186,0.007063942,0.007573404
018-04-08,7,186,0.005885153,0.022609529
018-04-08,8,186,0.016466208,0.028212671
018-04-08,9,186,0.008880806,0.163568211
018-04-08,10,186,0.005582209,0.047480907
018-04-08,11,186,0.012592545,0.110845003
018-04-08,12,186,0.035545578,0.193042765
018-04-08,13,186,0.012426138,0.430598049
018-04-08,14,186,0.011520452,0.226965237
018-04-08,15,186,0.008602476,0.250491457
018-04-08,16,186,0.006963062,0.117729635
018-04-08,17,186,0.009301453,0.324498358
018-04-08,18,186,0.007046776,0.226337042
018-04-08,19,186,0.006913595,0.064159698
018-04-08,20,186,0.023759432,0.270852709
018-04-08,21,186,0.068893671,0.754590073
018-04-08,22,186,0.208682203,0.67317009
018-04-08,23,186,0.039423132,0.380971813
018-04-09,0,186,0.021789637,0.237912388
018-04-09,1,186,0.007447224,0.064745569
018-04-09,2,186,0.004022284,0.341056309
018-04-09,3,186,0.002368784,0.108191328
018-04-09,4,186,0.001738663,0.006584101
018-04-09,5,186,0.001852465,0.010956173
018-04-09,6,186,0.004325123,0.032487955
018-04-09,7,186,0.010045128,0.061476812
018-04-09,8,186,0.00394352,0.02350008
018-04-09,9,186,0.007810116,0.228850784
018-04-09,10,186,0.002221546,0.006580677
018-04-09,11,186,0.002700844,0.012524433
018-04-09,12,186,0.001554394,0.014094248
018-04-09,13,186,0.001270485,0.01516345
018-04-09,14,186,0.008704872,0.524066648
018-04-09,15,186,0.010073395,0.137047472
018-04-09,16,186,0.003728018,0.018462667
018-04-09,17,186,0.018691454,0.02272501
018-04-09,18,186,0.009918823,0.059445229
018-04-09,19,186,0.016555243,0.059370098
018-04-09,20,186,0.032342911,0.05716877
018-04-09,21,186,0.036980715,0.269464016
018-04-09,22,186,0.025843401,0.334681015
018-04-09,23,186,0.01662797,0.162880478
018-04-10,0,186,0.011882095,0.367435427
018-04-10,1,186,0.006765404,0.309692955
018-04-10,2,186,0.007407856,0.057412977
018-04-10,3,186,0.008945894,0.128213692
018-04-10,4,186,0.00577981,0.027180767
018-04-10,5,186,0.003616848,0.014520903
018-04-10,6,186,0.004206018,0.048136587
018-04-10,7,186,0.005657282,0.069313974
018-04-10,8,186,0.015583334,0.351988983
018-04-10,9,186,0.007133894,0.014942255
018-04-10,10,186,0.004199915,0.006973715
018-04-10,11,186,0.023999815,0.02122838
018-04-10,12,186,0.000937662,0.002051115
018-04-10,13,186,0.013075819,0.05291256
018-04-10,14,186,0.012674866,0.019597292
018-04-10,15,186,0.007136183,0.086881924
018-04-10,16,186,0.007835255,0.044790068
018-04-10,17,186,0.005411148,0.030780334
018-04-10,18,186,0.012392149,0.029613905
018-04-10,19,186,0.013503771,0.04168128
018-04-10,20,186,0.017502251,0.702575903
018-04-10,21,186,0.080785742,0.484832802
018-04-10,22,186,0.115735893,0.819588394
018-04-10,23,186,0.022596569,0.22703517
2018/4/11,0,186,0.019095573,0.29416873
2018/4/11,1,186,0.006198874,0.284679136
2018/4/11,2,186,0.003298874,0.105823374
2018/4/11,3,186,0.001825695,0.056544828
2018/4/11,4,186,0.002356949,0.081606655
2018/4/11,5,186,0.003426485,0.159423952
2018/4/11,6,186,0.007134771,0.147196512
2018/4/11,7,186,0.019138136,0.06472971
2018/4/11,8,186,0.005436668,0.045563898
2018/4/11,9,186,0.003034801,0.020919437
2018/4/11,10,186,0.001870623,0.042448721
2018/4/11,11,186,0.001866131,0.062290564
2018/4/11,12,186,0.000977726,0.006003332
2018/4/11,13,186,0.008367472,0.011923761
2018/4/11,14,186,0.001568117,0.006057949
2018/4/11,15,186,0.003812771,0.049050493
2018/4/11,16,186,0.002415304,0.001629534
2018/4/11,17,186,0.003082428,0.008811741
2018/4/11,18,186,0.006392508,0.024491053
2018/4/11,19,186,0.006817074,0.142021923
2018/4/11,20,186,0.097114725,1.227890396
2018/4/11,21,186,0.161626348,1.026105003
2018/4/11,22,186,0.050048904,0.618538094
2018/4/11,23,186,0.040898695,0.463112211
2018/4/12,0,186,0.018791485,0.377985716
2018/4/12,1,186,0.003786335,0.003765354
2018/4/12,2,186,0.003092623,0.013468008
2018/4/12,3,186,0.002333975,0.002493334
2018/4/12,4,186,0.003313417,0.030639429
2018/4/12,5,186,0.004096861,0.034733477
2018/4/12,6,186,0.002916479,0.04024087
2018/4/12,7,186,0.006800375,0.03237298
2018/4/12,8,186,0.007313471,0.087880774
2018/4/12,9,186,0.00263217,0.009698181
2018/4/12,10,186,0.002957563,0.010477133
2018/4/12,11,186,0.007109795,0.026447935
2018/4/12,12,186,0.007801647,0.023988647
2018/4/12,13,186,0.007269154,0.259915476
2018/4/12,14,186,0.008332825,0.417147627
2018/4/12,15,186,0.017850847,0.161753273
2018/4/12,16,186,0.008410912,0.502690105
2018/4/12,17,186,0.010255671,0.20818696
2018/4/12,18,186,0.011469507,0.37803009
2018/4/12,19,186,0.011423111,0.298528261
2018/4/12,20,186,0.019485836,0.14117322
2018/4/12,21,186,0.06599596,0.550350819
2018/4/12,22,186,0.041110477,0.76152915
2018/4/12,23,186,0.033739605,0.640937471
2018/4/13,0,186,0.01689044,0.909048948
2018/4/13,1,186,0.009527588,0.204701385
2018/4/13,2,186,0.029332504,0.997273054
2018/4/13,3,186,0.005039015,0.105757561
2018/4/13,4,186,0.003292856,0.01847681
2018/4/13,5,186,0.001219873,0.009841356
2018/4/13,6,186,0.002794552,0.011917439
2018/4/13,7,186,0.006493921,0.043240089
2018/4/13,8,186,0.003496914,0.018536711
2018/4/13,9,186,0.003169985,0.015306969
2018/4/13,10,186,0.001028509,0.001240349
2018/4/13,11,186,0.001039095,0.003889475
2018/4/13,12,186,0.004935865,0.281882706
2018/4/13,13,186,0.001240263,0.0060116
2018/4/13,14,186,0.007299032,0.05002367
2018/4/13,15,186,0.003408709,0.015136003
2018/4/13,16,186,0.006376438,0.047148418
2018/4/13,17,186,0.006957102,0.03974287
2018/4/13,18,186,0.004746714,0.077790928
2018/4/13,19,186,0.039488039,0.074065113
2018/4/13,20,186,0.013925238,0.049277544
2018/4/13,21,186,0.018088856,0.125747662
2018/4/13,22,186,0.048693056,0.420499525
2018/4/13,23,186,0.035897045,0.594920769
2018/4/15,0,186,0.030436316,0.364434624
2018/4/15,1,186,0.004301586,0.153019247
2018/4/15,2,186,0.001900826,0.00384901
2018/4/15,3,186,0.006136112,0.010215569
2018/4/15,4,186,0.008122673,0.163017597
2018/4/15,5,186,0.005835371,0.055497894
2018/4/15,6,186,0.004327145,0.07364809
2018/4/15,7,186,0.009172192,0.073368931
2018/4/15,8,186,0.02980628,0.118176794
2018/4/15,9,186,0.009708157,0.15565115
2018/4/15,10,186,0.028450193,0.23482996
2018/4/15,11,186,0.030381527,0.076378508
2018/4/15,12,186,0.045625763,0.101365538
2018/4/15,13,186,0.026121187,0.157138453
2018/4/15,14,186,0.02687212,0.294590693
2018/4/15,15,186,0.02873909,0.498401308
2018/4/15,16,186,0.01562355,0.259057922
2018/4/15,17,186,0.024195423,0.206594429
2018/4/15,18,186,0.01414423,0.09055316
2018/4/15,19,186,0.024463425,0.101865387
2018/4/15,20,186,0.062440004,0.274776602
2018/4/15,21,186,0.065286026,0.544754047
2018/4/15,22,186,0.020045681,0.464794559
2018/4/15,23,186,0.014383812,0.16596323
2018/4/16,0,186,0.015465508,0.507346897
2018/4/16,1,186,0.00355835,0.095359755
2018/4/16,2,186,0.004471254,0.054163876
2018/4/16,3,186,0.00242588,0.014807711
2018/4/16,4,186,0.001534224,0.002475653
2018/4/16,5,186,0.003019361,0.025024652
2018/4/16,6,186,0.002732,0.019587536
2018/4/16,7,186,0.00835022,0.038809729
2018/4/16,8,186,0.010079565,0.08975318
2018/4/16,9,186,0.012321978,0.083874722
2018/4/16,10,186,0.012069988,0.100344496
2018/4/16,11,186,0.008462791,0.077642183
2018/4/16,12,186,0.016086283,0.204270105
2018/4/16,13,186,0.012961187,0.086620274
2018/4/16,14,186,0.006157656,0.013677387
2018/4/16,15,186,0.00845665,0.016189775
2018/4/16,16,186,0.008116522,0.09828495
2018/4/16,17,186,0.036213999,0.013575859
2018/4/16,18,186,0.053214016,0.200407867
2018/4/16,19,186,0.020537252,0.306618605
2018/4/16,20,186,0.023291683,0.395291643
2018/4/16,21,186,0.011506786,0.106010113
2018/4/16,22,186,0.017743378,0.3714363
2018/4/16,23,186,0.012740231,0.470053349
2018/4/17,0,186,0.01282279,0.670094461
2018/4/17,1,186,0.001734819,0.003662767
2018/4/17,2,186,0.00118927,0.001796675
2018/4/17,3,186,0.000574551,0.001066332
2018/4/17,4,186,0.001009083,0.002997675
2018/4/17,5,186,0.0013064,0.013897305
2018/4/17,6,186,0.032233953,0.128635607
2018/4/17,7,186,0.011136274,0.122290392
2018/4/17,8,186,0.00404952,0.023149643
2018/4/17,9,186,0.005196905,0.018827696
2018/4/17,10,186,0.004041939,0.018568773
2018/4/17,11,186,0.007173681,0.227950544
2018/4/17,12,186,0.004784212,0.01968524
2018/4/17,13,186,0.002789917,0.00744977
2018/4/17,14,186,0.002681103,0.012652149
2018/4/17,15,186,0.003783884,0.049924488
2018/4/17,16,186,0.02874382,0.035260839
2018/4/17,17,186,0.010737705,0.031223135
2018/4/17,18,186,0.017709618,0.118089542
2018/4/17,19,186,0.011667738,0.199428673
2018/4/17,20,186,0.021074295,0.582788544
2018/4/17,21,186,0.030633802,0.325460711
2018/4/17,22,186,0.040985947,0.379855022
2018/4/17,23,186,0.025779886,1.347410984
2018/4/18,0,186,0.017943325,0.571027031
2018/4/18,1,186,0.009484978,0.501026192
2018/4/18,2,186,0.001638765,0.004623899
2018/4/18,3,186,0.003357468,0.002898188
2018/4/18,4,186,0.001540728,0.002551298
2018/4/18,5,186,0.002579393,0.023514223
2018/4/18,6,186,0.006655207,0.081430349
2018/4/18,7,186,0.011481457,0.21230155
2018/4/18,8,186,0.007747049,0.082362337
2018/4/18,9,186,0.002624254,0.018370237
2018/4/18,10,186,0.002209034,0.004480009
2018/4/18,11,186,0.002265444,0.011464062
2018/4/18,12,186,0.004381371,0.007986069
2018/4/18,13,186,0.003997679,0.01240344
2018/4/18,14,186,0.006866264,0.017154894
2018/4/18,15,186,0.005677233,0.02895174
2018/4/18,16,186,0.002138186,0.037442417
2018/4/18,17,186,0.01134161,0.086309929
2018/4/18,18,186,0.01044466,0.127860355
2018/4/18,19,186,0.125656738,0.301988506
2018/4/18,20,186,0.035917273,0.819454508
2018/4/18,21,186,0.052396002,0.932059374
2018/4/18,22,186,0.055370522,0.846015148
2018/4/18,23,186,0.030121145,0.73238905
2018/4/19,0,186,0.013805723,0.558441782
2018/4/19,1,186,0.009746923,0.143725071
2018/4/19,2,186,0.003224363,0.006031322
2018/4/19,3,186,0.001603909,0.007725506
2018/4/19,4,186,0.001045036,0.005821085
2018/4/19,5,186,0.002264538,0.01586421
2018/4/19,6,186,0.00444334,0.036258173
2018/4/19,7,186,0.01149209,0.064595718
2018/4/19,8,186,0.005515585,0.041875706
2018/4/19,9,186,0.009138269,0.058775263
2018/4/19,10,186,0.005005722,0.009515476
2018/4/19,11,186,0.006510277,0.033560057
2018/4/19,12,186,0.006255598,0.112836943
2018/4/19,13,186,0.00703764,0.014532442
2018/4/19,14,186,0.008307552,0.355101519
2018/4/19,15,186,0.005721397,0.62361352
2018/4/19,16,186,0.001835747,0.006243963
2018/4/19,17,186,0.006108589,0.031933165
2018/4/19,18,186,0.008568726,0.055018339
2018/4/19,19,186,0.007924929,0.098288975
2018/4/19,20,186,0.064765606,0.342849054
2018/4/19,21,186,0.190066347,0.740676308
2018/4/19,22,186,0.074090691,0.572037868
2018/4/19,23,186,0.02238801,0.297986708